编号,标题,,机构,难度,学时,热度,语言,开课日期,副标题,学科
13134,自动驾驶汽车,,多伦多大学,难（高级）,2 个月,热度 518,英语,2月15日,专项课程,计算机
6238,学习编程：撰写高质量代码,,多伦多大学,简单（初级）,20 个小时,热度 436,英语,2月15日,,计算机
19660,学习编程：基础,,多伦多大学,简单（初级）,29 个小时,热度 455,"英语, 意大利语, 其他",2月15日,,计算机
12747,电商推广设计师,,网易用户体验设计中心,简单（初级）,6 个月,热度 427,中文,,微专业,艺术
15543,电商数据分析师,,网易,简单（初级）,2 个月,热度 473,中文,4月11日,微专业,商业管理
8663,java高级开发工程师,,网易技术专家团,难（高级）,7 个月,热度 499,中文,3月1日,微专业,计算机
13205,安卓高级开发工程师,,网易技术专家团,难（高级）,8 个月,热度 338,中文,3月22日,微专业,计算机
5883,AI工程师（计算机视觉方向）,,城市数据团,普通（中级）,5 个月,热度 382,中文,2月27日,微专业,计算机
17246,AI工程师（自然语言处理）,,稀牛学院 & 网易,普通（中级）,4 个月,热度 286,中文,1月31日,微专业,计算机
14925,AI量化交易,,稀牛学院 & 网易,普通（中级）,5 个月,热度 276,中文,1月25日,微专业,金融
7896,数据可视化,,城市数据团,简单（初级）,4 个月,热度 283,中文,2月27日,微专业,计算机
15992,数据分析师（Excel+SQL）,,经管之家,简单（初级）,3 个月,热度 486,中文,4月11日,微专业,商业管理
6393,Python定量城市研究实战,,城市数据团,普通（中级）,5 个月,热度 307,中文,2月28日,微专业,计算机
12894,Python 应用基础,,北京理工大学,简单（初级）,4 个月,热度 556,中文,,微专业,计算机
612,深度学习工程师（实战）,,稀牛学院 & 网易,普通（中级）,5 个月,热度 124,中文,3月21日,微专业,计算机
5752,使用React进行全栈Web开发,,香港科技大学,普通（中级）,5 个月,热度 372,"英语, 其他",1月28日,专项课程,计算机
12100,金融科技：金融业转型与监管,,香港科技大学,简单（初级）,4 个月,热度 341,"英语, 其他",1月28日,专项课程,金融
9645,1万名女性:评估你的业务增长潜力,,高盛,普通（中级）,5 个小时,热度 596,英语,1月9日,,商业管理
4046,实用深度学习导论,,英特尔,普通（中级）,12 个小时,热度 662,英语,1月9日,,计算机
9746,Intel®网络学院 – 网络转换入门,,英特尔,简单（初级）,14 个小时,热度 489,英语,1月9日,,计算机
1467,英特尔架构的并行基础,,英特尔,普通（中级）,18 个小时,热度 379,英语,1月9日,,计算机
11937,IBM 客户互动专家专业认证,,IBM,简单（初级）,18 个小时,热度 339,英语,1月9日,,计算机
3427,Node-RED 开发人员指南,,IBM,普通（中级）,21 个小时,热度 309,英语,1月9日,,计算机
797,无代码开发聊天机器人,,IBM,简单（初级）,13 个小时,热度 523,英语,1月9日,,计算机
2318,应用数据科学,,IBM,简单（初级）,1 个月,热度 451,"英语, 德语, 其他",1月9日,专项课程,计算机
12581,数据科学概论,,IBM,简单（初级）,1 个月,热度 475,"英语, 其他",1月9日,专项课程,计算机
6029,数据分析和表达技巧：普华永道方法,,普华永道,简单（初级）,3 个月,热度 796,"英语, 法语, 日语",1月9日,专项课程,商业管理
5585,Logic Pro X 音乐制作,,Digital Music Masters,简单（初级）,22 个小时,热度 385,英语,,,艺术
13993,IBM 微服务,,IBM,普通（中级）,1 个月,热度 441,英语,1月9日,专项课程,计算机
2845,增强现实和 ARCore 入门,,Google AR & VR,简单（初级）,5 个小时,热度 137,英语,1月9日,,计算机
3055,VR 和 360度视频制作,,Google AR & VR,简单（初级）,8 个小时,热度 172,英语,1月9日,,计算机
466,Unity 游戏程序员专家认证考试准备,,Unity,难（高级）,5 个月,热度 344,英语,1月9日,专项课程,计算机
1861,Unity 程序员认证考试准备,,Unity,普通（中级）,3 个月,热度 224,英语,1月9日,专项课程,计算机
8478,Unity 3D艺术家认证,,Unity,普通（中级）,4 个月,热度 237,英语,1月9日,专项课程,艺术
2168,人工智能入门,,deeplearning.ai,简单（初级）,5 个小时,"热度 3,397",英语,3月7日,,计算机
14915,CAD和数字制造,,AUTODESK,普通（中级）,3 个月,热度 243,英语,1月9日,专项课程,计算机
18503,思科网络基础,,Cisco,简单（初级）,2 个月,热度 234,"英语, 西班牙语, 葡萄牙语, 俄语, 其他",1月9日,专项课程,互联网
1566,大数据分析：商业应用与策略管理,,国立台湾大学,简单（初级）,18 个小时,热度 406,中文,1月7日,,商业管理
9262,服务模式的体验、设计与创新：从痛点到卖点,,国立台湾大学,简单（初级）,12 个小时,热度 232,中文,1月7日,,商业管理
9543,一堂课让你认识肺癌,,国立台湾大学,简单（初级）,9 个小时,热度 196,中文,1月7日,,医学健康
6271,机器人学 一,,国立台湾大学,简单（初级）,32 个小时,热度 197,中文,1月7日,,工程
17514,食品安全与风险分析,,国立台湾大学,普通（中级）,10 个小时,热度 164,中文,1月7日,,医学健康
16906,用Python 做商管程序设计（三）,,国立台湾大学,普通（中级）,13 个小时,热度 317,中文,1月7日,,计算机
6278,用Python 做商管程序设计（二）,,国立台湾大学,普通（中级）,12 个小时,热度 222,中文,1月7日,,计算机
19294,用Python 做商管程序设计（一）,,国立台湾大学,简单（初级）,18 个小时,热度 420,中文,1月7日,,计算机
1964,人工智能：机器学习与理论基础,,国立台湾大学,普通（中级）,23 个小时,热度 229,中文,1月7日,,计算机
13715,经济学概论：诱因与市场,,国立台湾大学,简单（初级）,15 个小时,热度 194,中文,1月7日,,经济
263,行销典范转移: 变动中的消费世界,,国立台湾大学,普通（中级）,23 个小时,热度 119,中文,1月7日,,商业管理
18317,赛局与产业竞争策略,,国立台湾大学,普通（中级）,14 个小时,热度 105,中文,1月7日,,商业管理
4169,商管研究中的赛局分析（二）：资讯经济学,,国立台湾大学,普通（中级）,12 个小时,热度 91,中文,1月7日,,经济
14280,商管研究中的赛局分析（一）：通路选择、合约制定与共享经济,,国立台湾大学,简单（初级）,19 个小时,热度 70,中文,1月7日,,商业管理
6303,顽想学概率：机率二,,国立台湾大学,普通（中级）,30 个小时,热度 129,中文,1月7日,,数学与统计
6258,顽想学概率：机率一,,国立台湾大学,简单（初级）,22 个小时,热度 106,中文,1月7日,,数学与统计
17185,少年福利与权利,,国立台湾大学,简单（初级）,20 个小时,热度 121,中文,1月7日,,社会
7732,发展心理学：哲学观与方法论,,国立台湾大学,简单（初级）,10 个小时,热度 217,中文,1月7日,,哲学
1792,唐诗新思路,,国立台湾大学,简单（初级）,23 个小时,热度 119,中文,1月7日,,文学
12754,现代文学导读：诗、散文、小说,,国立台湾大学,简单（初级）,24 个小时,热度 106,中文,,,文学
5395,东亚儒学：孟子二,,国立台湾大学,简单（初级）,19 个小时,热度 256,中文,1月7日,经典课程,哲学
16640,东亚儒学：孟子一,,国立台湾大学,简单（初级）,19 个小时,热度 231,中文,1月7日,经典课程,哲学
8145,庄子 – 人情,,国立台湾大学,简单（初级）,22 个小时,热度 262,中文,1月7日,经典课程,哲学
19033,庄子 – 姿势、意识与感情,,国立台湾大学,简单（初级）,28 个小时,热度 195,中文,1月7日,经典课程,哲学
17570,东亚儒家：人文精神二,,国立台湾大学,普通（中级）,24 个小时,热度 111,中文,1月7日,经典课程,哲学
13325,东亚儒家：人文精神一,,国立台湾大学,简单（初级）,22 个小时,热度 147,中文,1月7日,经典课程,哲学
514,心理学概论,,耶鲁大学,简单（初级）,15 个小时,热度 207,英语,1月7日,,心理
7546,Thomas Berry的世界观：地球社区的繁荣,,耶鲁大学,简单（初级）,14 个小时,热度 93,"中文, 英语",1月7日,,环境与地球
2296,宇宙之旅：对话,,耶鲁大学,简单（初级）,26 个小时,热度 90,"中文, 英语",1月7日,,环境与地球
15523,宇宙之旅：展现生命,,耶鲁大学,简单（初级）,19 个小时,热度 105,"中文, 英语",1月7日,,环境与地球
14420,美国的成文宪法,,耶鲁大学,简单（初级）,21 个小时,热度 119,英语,1月7日,,法律
13400,美国的不成文宪法,,耶鲁大学,简单（初级）,20 个小时,热度 99,"中文, 英语",1月7日,,法律
12695,成为伟大的歌手：声乐完整训练,,Robert Lunte,简单（初级）,22 个小时,热度 361,英语,,,艺术
490,游戏音乐创作：从零开始制作游戏音乐,,Karleen Heong,简单（初级）,20 个小时,热度 289,"英语, 西班牙语, 葡萄牙语",,,艺术
9681,"音乐综合理论：4,5,6级",,Jason Allen,普通（中级）,10 个小时,热度 182,英语,,,艺术
19298,成为一名天生的歌手 – 第 II 阶段,,Eric Arceneaux,普通（中级）,2 个小时,热度 188,"英语, 西班牙语",,,艺术
12425,专业歌唱技巧 – 第 I 阶段,,Eric Arceneaux,普通（中级）,3 个小时,热度 247,"英语, 西班牙语",,,艺术
3583,电子音乐理论全集 （1、2、3级）,,Jason Allen,简单（初级）,13 个小时,热度 193,英语,,,艺术
7690,"音乐综合理论：1,2,3级",,Jason Allen,简单（初级）,12 个小时,热度 177,英语,,,艺术
5401,吉他完全攻略 – 初级到高级,,Erich Andreas,简单（初级）,34 个小时,热度 274,"英语, 西班牙语, 葡萄牙语, 其他",,,艺术
3891,人人钢琴课 – 神奇的钢琴、琴键学习技巧,,Robin Hall,简单（初级）,10 个小时,热度 241,"英语, 日语, 西班牙语, 意大利语, 葡萄牙语",,,艺术
7931,Microsoft Excel – 数据可视化，Excel图表和图形,,Chris Dutton,普通（中级）,4 个小时,热度 260,英语,,,计算机
18721,Microsoft Excel – 使用Excel数据透视表进行数据分析,,Chris Dutton,普通（中级）,6 个小时,热度 188,英语,,,计算机
1883,Microsoft Excel – 高级Excel公式和函数,,Chris Dutton,普通（中级）,6 个小时,热度 215,英语,,,计算机
1551,零基础学习Excel VBA 自动化采集网页数据,,Raymond Chien,简单（初级）,10 个小时,热度 261,中文,,,计算机
11936,PPT 快制力- 设计小白也能快速做出高颜质PPT,,liqun Xiao,简单（初级）,4 个小时,热度 247,中文,,,艺术
2205,全面掌握加密币，做财富的创造者,,B21 Block,简单（初级）,3 个小时,热度 295,中文,,,金融
10036,区块链入门与投资,,Jason Life,简单（初级）,2 个小时,热度 310,中文,,,金融
14525,以太坊和Solidity：完全开发指南,,Stephen Grider,简单（初级）,24 个小时,热度 188,"英语, 日语, 西班牙语, 葡萄牙语",,,计算机
17472,给初学者的Python基础入门课程,,Paul Chao,简单（初级）,4 个小时,"热度 1,003",中文,,,计算机
14050,以太坊区块链开发者：构建区块链应用程序,,B21 Block,简单（初级）,7 个小时,热度 146,英语,,,计算机
11967,从零开始学习区块链与比特币,,Howard Peng,简单（初级）,2 个小时,热度 220,中文,,,商业管理
13580,以太坊游戏开发：写一款能跑在区块链上的游戏,,B21 Block,简单（初级）,5 个小时,热度 190,中文,,,计算机
3939,零基础视频拍摄完全教程,,Video School Online Inc,简单（初级）,4 个小时,热度 363,中文,,,艺术
19012,摄影后期处理全面提高篇,,lin feng lou,简单（初级）,10 个小时,热度 247,中文,,,艺术
18429,Final Cut Pro X 10.4 基础学习  第一部分,,Chao Min Su,简单（初级）,7 个小时,热度 149,中文,,,艺术
13245,数码暗房超简单（基础篇）,,瘾科技,简单（初级）,2 个小时,热度 125,中文,,,艺术
8468,摄影大师课：最佳在线专业摄影课,,Video School Online Inc,简单（初级）,21 个小时,热度 264,中文,,,艺术
5328,GMAT考生必看 GMAT Math 大解析- 第一系列:Arithmetic,,CY Yang,简单（初级）,2 个小时,热度 276,中文,,,语言
3280,在线日本语JLPT N4课程（全15课）,,Attain Corp,简单（初级）,14 个小时,热度 262,中文,,,语言
7709,在线日本语JLPT N1课程（全10课）,,Attain Corp,简单（初级）,11 个小时,热度 263,中文,,,语言
2118,在线日本语JLPT N2课程（全10 课）,,Attain Corp,简单（初级）,11 个小时,热度 155,中文,,,语言
13405,在线日本语JLPT N3课程（全10 课）,,Attain Corp,简单（初级）,10 个小时,热度 154,中文,,,语言
2673,商务日语之路 初级篇 下卷,,Attain Corp,简单（初级）,2 个小时,热度 113,中文,,,语言
2449,商务日语之路 初级篇 上卷,,Attain Corp,简单（初级）,2 个小时,热度 154,中文,,,语言
16321,我的韩语教室-零基础速学发音,,华冈数位,简单（初级）,2 个小时,热度 143,中文,,,语言
6916,核心韩语1：通过实践打好韩语基础,,Daniel Lin,简单（初级）,11 个小时,热度 138,英语,,,语言
9042,基础英文第六课,,Teresa Hung,普通（中级）,3 个小时,热度 369,中文,,,语言
9275,基础英文第五课,,Teresa Hung,普通（中级）,5 个小时,热度 184,中文,,,语言
10966,基础英文第四课,,Teresa Hung,简单（初级）,2 个小时,热度 188,中文,,,语言
3726,基础英文第三课,,Teresa Hung,简单（初级）,3 个小时,热度 167,中文,,,语言
10296,基础英文第二课,,Teresa Hung,简单（初级）,2 个小时,热度 173,中文,,,语言
3698,基础英文第一课,,Teresa Hung,简单（初级）,2 个小时,热度 781,中文,,,语言
19693,"建网进阶篇-制作您自己的WordPress主题使用HTML,CSS,php,mySQL,Bootstrap",,Ken Cen,简单（初级）,14 个小时,热度 131,中文,,,计算机
7101,DSP芯片概论,,蔡政宏,简单（初级）,23 个小时,热度 152,中文,,,电子
14816,Linux概论─以CentOS 7为例,,Bill Hsu,简单（初级）,2 个小时,热度 157,中文,,,计算机
9670,零基础七天入门Linux,,Peng Xiao,简单（初级）,5 个小时,热度 199,中文,,,计算机
17086,Web网站安全测试（渗透测试）- 从初学到精通,,Yan Gao,简单（初级）,10 个小时,热度 189,中文,,,计算机
166,项目管理证书 | 项目管理课程,,Mauricio Rubio,简单（初级）,2 个小时,热度 184,"中文, 英语",,,商业管理
848,盖伊‧川崎的创业教练课 (简体中文),,慕课台湾,简单（初级）,4 个小时,热度 126,中文,,,商业管理
14571,赛斯高汀：给自由工作者的一课 (简体中文),,瘾科技,简单（初级）,3 个小时,热度 113,中文,,,商业管理
14989,Amazon亚马逊运营实操和数据分析,,经纬互联电商学院,简单（初级）,8 个小时,热度 145,中文,,,商业管理
15023,数据分析技能速成 Microsoft SQL,,Chongran Hao,简单（初级）,4 个小时,热度 197,中文,,,计算机
13994,盖伊‧川崎的创业教练课 (繁体中文),,慕课台湾,简单（初级）,4 个小时,热度 112,中文,,,商业管理
3788,赛斯高汀：给自由工作者的一课 (繁体中文),,瘾科技,简单（初级）,3 个小时,热度 121,中文,,,商业管理
8073,机器学习 A-Z,,士豪邱,简单（初级）,32 个小时,热度 162,"中文, 英语",,,计算机
14853,综合MBA课程：由商学院屡获殊荣的教授授课,,Chris Haroun,简单（初级）,7 个小时,热度 178,中文,,,商业管理
19945,Python 3 数据分析Data Science零基础完全入门,,Peng Xiao,简单（初级）,6 个小时,热度 440,中文,,,计算机
3571,给C# 开发人员的第一堂.NET Core 入门课,,Will,简单（初级）,2 个小时,热度 158,中文,,,计算机
19980,一天学会DevOps 自动化测试及部署,,Bo-Yi Wu,简单（初级）,6 个小时,热度 166,中文,,,计算机
8125,区块链之以太坊 (PoW + PoS 算法 + 设计原理 + Solidity合约安全),,Junji Zhi,简单（初级）,3 个小时,热度 153,中文,,,计算机
15536,无痛起步，用WordPress打造自己的网路商店,,CHE-WEI HSU,简单（初级）,3 个小时,热度 108,中文,,,计算机
3131,Git/GitHub/GitLab完全教程2018,,士豪邱,简单（初级）,6 个小时,热度 136,中文,,,计算机
18611,Unity3d游戏设计使用C#,,士豪邱,简单（初级）,13 个小时,热度 141,中文,,,计算机
12087,轻松学习R 语言,,Yao-Jen Kuo,简单（初级）,4 个小时,热度 170,中文,,,计算机
5834,深入浅出了解Javascript,,Ken Cen,简单（初级）,10 个小时,热度 356,中文,,,计算机
5998,Language-Integrated Query 快速上手( C# ) (LINQ),,Will,简单（初级）,2 个小时,热度 112,中文,,,计算机
3555,Web前端开发 – 玩转JavaScript 【以实战为基础】,,yz z,简单（初级）,24 个小时,热度 169,中文,,,计算机
4732,Visual Studio 2017 开发环境全面解析,,Will,简单（初级）,4 个小时,热度 174,中文,,,计算机
7244,"Python 3零基础完全入门（面向2019, Python3.6.7全部重新录制）",,Peng Xiao,简单（初级）,9 个小时,热度 648,中文,,,计算机
19016,NodeJS 前后端开发实战,,六角学院,简单（初级）,15 个小时,热度 143,中文,,,计算机
17139,Angular 开发实战：从零开始,,Will,简单（初级）,15 个小时,热度 131,中文,,,计算机
17873,Python 入门到制作股市分析,,Louis Ho,简单（初级）,8 个小时,热度 295,中文,,,计算机
674,Python 与数据科学入门,,六角学院,简单（初级）,3 个小时,热度 265,中文,,,计算机
1708,全端初体验,,Taker Wu,简单（初级）,21 个小时,热度 100,中文,,,计算机
3189,Web前端开发 – 玩转HTML&CSS,,yz z,简单（初级）,18 个小时,热度 214,中文,,,计算机
9593,一变应万变的响应式网页设计,,六角学院,普通（中级）,8 个小时,热度 122,中文,,,计算机
12992,Vue 出一个电商网站,,六角学院,普通（中级）,15 个小时,热度 157,中文,,,计算机
19580,Python – 轻松学会写程序,,Allen Liu,简单（初级）,16 个小时,热度 250,中文,,,计算机
18706,苹果手机编程(V2.0) – 使用IOS12 & Swift4 – 编写19个真实程序,,六角学院,简单（初级）,36 个小时,热度 245,中文,,,计算机
15109,精通Bootstrap 4 – 开发超强不解释,,六角学院,简单（初级）,11 个小时,热度 142,中文,,,计算机
18615,掌握 Git & Github 程式时光机,,六角学院,普通（中级）,4 个小时,热度 110,中文,,,计算机
8998,使用jQuery 打造互动性网页动画效果,,六角学院,简单（初级）,6 个小时,热度 165,中文,,,计算机
17339,SQL/MySQL零基础从入门到精通,,慕课台湾,简单（初级）,10 个小时,热度 227,中文,,,计算机
14541,JavaScript 全攻略：克服 JS 的奇怪部分,,慕课台湾,简单（初级）,11 个小时,热度 179,中文,,,计算机
4785,JavaScript 入门篇 – 学徒的试炼,,六角学院,普通（中级）,15 个小时,热度 224,中文,,,计算机
16419,使用 HTML、CSS 开发一个网站,,六角学院,简单（初级）,8 个小时,热度 146,中文,,,计算机
15158,"建网百科全书-使用 HTML,CSS,JS, jQuery,php,mySQL 建立网站",,Ken Cen,简单（初级）,33 个小时,热度 178,中文,,,计算机
5770,深入浅出 iPhone 开发 (使用 Swift4),,Wei Wei,简单（初级）,36 个小时,热度 147,中文,,,计算机
7329,学术听力和笔记,,加州大学尔湾分校,普通（中级）,27 个小时,热度 365,"中文, 英语, 其他",1月4日,,语言
16816,高级写作,,加州大学尔湾分校,普通（中级）,15 个小时,热度 340,"中文, 英语, 其他",1月4日,,语言
15771,演讲：说话让人们倾听,,加州大学尔湾分校,普通（中级）,19 个小时,热度 375,"中文, 英语",1月4日,,语言
8440,翻译实践,,南京大学,简单（初级）,24 个小时,热度 304,"中文, 英语",1月4日,,语言
19712,商务英语课程:财经英语,,亚利桑那州立大学,普通（中级）,19 个小时,热度 212,"中文, 英语, 其他",1月4日,,语言
9462,商务英语课程:市场与营销英语,,亚利桑那州立大学,普通（中级）,21 个小时,热度 287,"中文, 英语",1月4日,,语言
11199,商务英语课程:管理与领导力英语,,亚利桑那州立大学,普通（中级）,22 个小时,热度 228,"中文, 英语, 其他",1月4日,,语言
3286,商务英语课程,,亚利桑那州立大学,普通（中级）,4 个月,热度 408,"中文, 英语, 其他",1月4日,专项课程,语言
18961,性别频谱的健康研究,,斯坦福大学,简单（初级）,4 个小时,热度 94,"英语, 西班牙语, 其他",1月28日,,医学健康
734,日常育儿：育儿的基础知识,,耶鲁大学,简单（初级）,14 个小时,热度 91,"中文, 英语, 西班牙语",1月7日,,心理
992,乳腺癌简介,,耶鲁大学,简单（初级）,14 个小时,热度 81,英语,1月7日,,医学健康
6507,美国合同法 I,,耶鲁大学,简单（初级）,13 个小时,热度 100,英语,1月7日,,法律
7994,健康评估,,北京大学,普通（中级）,8 周,热度 284,中文,,,医学健康
231,抗生素管理,,斯坦福大学,难（高级）,9 个小时,热度 170,英语,1月14日,,医学健康
8738,斯坦福大学食品与健康概论,,斯坦福大学,简单（初级）,4 个小时,热度 233,"英语, 西班牙语, 德语, 俄语, 其他",1月14日,,医学健康
6644,感染的故事,,斯坦福大学,普通（中级）,13 个小时,热度 203,英语,1月14日,,医学健康
17644,音乐应用的音频信号处理,,斯坦福大学,普通（中级）,50 个小时,热度 354,英语,,,计算机
9221,爱作为社会正义的力量,,斯坦福大学,简单（初级）,19 个小时,热度 312,英语,,,哲学
12874,斯坦福大学关于母乳喂养的短期课程,,斯坦福大学,简单（初级）,2 个小时,"热度 1,629","英语, 德语, 其他",1月21日,,医学健康
5299,国际妇女健康与人权,,斯坦福大学,简单（初级）,49 个小时,"热度 1,618",英语,1月21日,,医学健康
9984,奉献 2.0：MOOC,,斯坦福大学,简单（初级）,16 个小时,"热度 1,588",英语,1月21日,,商业管理
135,学习英语：高级学术口语和听力,,加州大学尔湾分校,普通（中级）,6 个月,"热度 1,361","中文, 英语, 西班牙语, 其他",,专项课程,语言
16115,韩语口语 1,,韩国延世大学,简单（初级）,14 个小时,"热度 3,886","中文, 英语, 韩语, 西班牙语, 其他",,,语言
11126,现代汉语核心语法,,北京大学,普通（中级）,29 个小时,热度 147,中文,,,语言
4786,计算机辅助翻译原理与实践,,北京大学,普通（中级）,33 个小时,热度 121,中文,,,计算机
18067,实现个人和职业成功,,宾夕法尼亚大学,简单（初级）,3 个月,"热度 4,330","中文, 英语, 葡萄牙语, 其他",,专项课程,商业管理
6943,快速学习,,中国科技大学,简单（初级）,14 个小时,"热度 2,253",中文,,,其他
16318,高效协作,,中国科技大学,简单（初级）,10 个小时,"热度 2,192",中文,,,其他
16143,在日本大学学习,,东京大学,简单（初级）,10 个小时,热度 388,"中文, 英语, 法语, 西班牙语",,,其他
19213,系统平台与计算环境,,西安交通大学,简单（初级）,16 个小时,热度 359,中文,,,计算机
17732,系统平台与C#程序基础,,西安交通大学,简单（初级）,17 个小时,热度 375,中文,,,计算机
7358,基于.Net的Web开发技术,,西安交通大学,简单（初级）,12 个小时,"热度 2,694",中文,,,计算机
6365,离散优化算法篇,,香港中文大学 & 墨尔本大学,普通（中级）,12 个小时,热度 332,中文,,,计算机
335,离散优化建模高阶篇,,香港中文大学 & 墨尔本大学,普通（中级）,18 个小时,热度 327,中文,,,计算机
9384,游戏策划与设计,,复旦大学,简单（初级）,15 个小时,"热度 4,553",中文,,,艺术
14494,计算机系统基础（一） ：程序的表示、转换与链接,,南京大学,普通（中级）,52 个小时,热度 68,"中文, 英语",,,计算机
5729,软件工程,,北京大学,普通（中级）,23 个小时,热度 87,中文,,,计算机
1036,离散数学,,上海交通大学,简单（初级）,24 个小时,热度 247,中文,,,数学与统计
13402,《论语》的智慧,,西安交通大学,简单（初级）,14 个小时,热度 74,中文,,,哲学
8113,真格—北大在线创业课堂,,北京大学,简单（初级）,18 个小时,热度 91,中文,,,商业管理
7791,中日文化交流史,,北京大学,简单（初级）,23 个小时,热度 102,中文,,,历史
9151,超越硅谷：在转型经济体中促进创业,,凯斯西储大学,简单（初级）,18 个小时,"热度 1,299","中文, 英语, 法语, 西班牙语, 俄语, 其他",,,商业管理
8137,哲学导论（中文版）,,爱丁堡大学,简单（初级）,16 个小时,"热度 1,073","中文, 英语, 西班牙语, 其他",,,哲学
16841,大数据的图表分析,,加州大学圣地亚哥分校,简单（初级）,15 个小时,"热度 1,287",英语,,,计算机
8263,大数据建模和管理系统,,加州大学圣地亚哥分校,简单（初级）,16 个小时,"热度 1,266",英语,,,计算机
3500,大数据 – Capstone 项目,,加州大学圣地亚哥分校,简单（初级）,19 个小时,"热度 1,241",英语,2月4日,,计算机
11975,美国诗歌：现代主义,,哈佛大学,简单（初级）,8 周,热度 389,英语,,,文学
2379,美国的公民政治：公众舆论，选举，利益集团和媒体,,哈佛大学,简单（初级）,4 周,热度 334,英语,,,社会
18225,预测X：没有经度的迷失,,哈佛大学,简单（初级）,1 周,热度 300,英语,,,历史
5621,埃博拉的经验教训：预防下一次大流行,,哈佛大学,简单（初级）,4 周,热度 206,英语,,,社会
8730,美国公共政策：社会，经济和外交政策,,哈佛大学,简单（初级）,4 周,热度 234,英语,,,社会
19680,美国政治机构：国会，总统，法院和官僚机构,,哈佛大学,简单（初级）,4 周,热度 217,英语,,,法律
19493,美国诗歌：内战及其影响,,哈佛大学,简单（初级）,4 周,热度 204,英语,,,文学
2600,美国诗歌：惠特曼,,哈佛大学,简单（初级）,4 周,热度 231,英语,,,文学
16947,基因组学数据分析,,哈佛大学,难（高级）,4 周,热度 536,英语,2月2日,,生物
15404,生命科学数据分析,,哈佛大学,难（高级）,4 周,热度 347,英语,,,生物
17195,美国政府,,哈佛大学,难（高级）,4 周,热度 342,英语,,,社会
19019,神经科学基础,,哈佛大学,简单（初级）,15 周,热度 290,英语,,,生物
1701,古希腊英雄,,哈佛大学,简单（初级）,17 周,热度 253,英语,,,文学
17432,美国政府：宪法基础,,哈佛大学,简单（初级）,4 周,热度 207,英语,,,法律
11618,CitiesX：都市生活的过去，现在和未来,,哈佛大学,简单（初级）,11 周,热度 255,英语,,,社会
10433,吉萨金字塔：古埃及艺术与考古学,,哈佛大学,简单（初级）,8 周,热度 230,英语,,,历史
2358,生物伦理学：生殖技术和遗传学的法律，医学和伦理学,,哈佛大学,简单（初级）,7 周,热度 209,英语,,,法律
4970,奥赛罗的故事,,哈佛大学,简单（初级）,3 周,热度 169,英语,,,文学
15684,疟疾X：从基因到全球击败疟疾,,哈佛大学,普通（中级）,8 周,热度 90,英语,,,医学健康
16995,生物化学原理,,哈佛大学,普通（中级）,15 周,热度 182,英语,,,化学
14768,神经科学基础（一）：神经元的电学特性,,哈佛大学,简单（初级）,5 周,热度 108,英语,,,生物
540,18世纪的歌剧：亨德尔和莫扎特,,哈佛大学,简单（初级）,5 周,热度 132,英语,,,艺术
10139,美国的阿片类危机,,哈佛大学,简单（初级）,7 周,热度 180,英语,,,医学健康
11695,哈姆雷特的幽灵,,哈佛大学,简单（初级）,3 周,热度 93,英语,,,文学
53,新兴经济体的企业家精神,,哈佛大学,简单（初级）,6 周,热度 81,英语,,,商业管理
1327,合同法：从信任到承诺到合同,,哈佛大学,普通（中级）,8 周,热度 166,英语,1月11日,,法律
3402,神经科学基础（二）：神经元和网络,,哈佛大学,简单（初级）,6 周,热度 81,英语,,,生物
4840,夏洛克的约定,,哈佛大学,简单（初级）,3 周,热度 111,英语,,,文学
18486,数据科学,,哈佛大学,难（高级）,34 周,热度 725,英语,,edX专业认证,计算机
3233,利用Python进行科学研究,,哈佛大学,普通（中级）,5 周,热度 861,英语,,,计算机
6960,高速铁路动车组技术,,西南交通大学,难（高级）,24 周,热度 305,中文,,国家精品,工程
11502,急您所脊—呵护我们的脊柱,,四川大学,简单（初级）,14 周,热度 304,中文,,,医学健康
327,世界三大宗教与艺术,,华中师范大学,简单（初级）,9 周,热度 482,中文,,,宗教
8693,摄影基础,,电子科技大学,简单（初级）,14 周,热度 534,中文,,,艺术
8667,插图设计,,华东师范大学,简单（初级）,15 周,热度 279,中文,,,艺术
18247,日本文化解读,,电子科技大学,简单（初级）,14 周,热度 243,中文,,,社会
4818,合同法基础,,西南大学,简单（初级）,9 周,热度 253,中文,,,法律
4999,中国哲学,,北京师范大学,简单（初级）,14 周,热度 282,中文,,,哲学
16784,人工智能与信息社会,,北京大学,简单（初级）,12 周,热度 382,中文,,,计算机
17837,C程序设计,,西北工业大学,简单（初级）,19 周,热度 669,中文,,国家精品,计算机
9799,大学计算机基础,,同济大学,简单（初级）,19 周,热度 643,中文,,国家精品,计算机
15641,无机化学—化学反应原理,,哈尔滨工业大学,简单（初级）,19 周,热度 293,中文,,国家精品,化学
10336,线性代数启蒙,,北京航空航天大学,简单（初级）,12 周,热度 313,中文,,国家精品,数学与统计
19664,大学物理—机械振动、波和波动光学,,西安交通大学,简单（初级）,15 周,热度 355,中文,,国家精品,物理
9358,高等数学—微积分(1),,山东大学,简单（初级）,17 周,热度 758,中文,,国家精品,数学与统计
829,大学物理-力学和热学,,山东大学,简单（初级）,12 周,热度 332,中文,,国家精品,物理
7077,数学建模,,厦门大学,普通（中级）,15 周,热度 449,中文,,国家精品,数学与统计
17940,数学分析（一）,,华东师范大学,简单（初级）,15 周,热度 384,中文,,国家精品,数学与统计
891,高等数学（二）,,同济大学,简单（初级）,8 周,热度 597,中文,,国家精品,数学与统计
18269,理论力学,,东北大学,普通（中级）,16 周,热度 193,中文,,国家精品,物理
19650,标准与我们的生活,,湖南大学,简单（初级）,9 周,热度 157,中文,,国家精品,商业管理
19029,海洋与人类文明的生产,,福州大学,简单（初级）,11 周,热度 175,中文,,国家精品,历史
10396,线性代数,,同济大学,简单（初级）,17 周,热度 481,中文,,国家精品,数学与统计
12313,神韵诗研究,,山东大学,简单（初级）,16 周,热度 168,中文,,国家精品,文学
17723,老子的人生智慧,,东北大学,简单（初级）,13 周,热度 188,中文,,国家精品,哲学
16565,从大学生到经理人的36项修炼,,西南交通大学,简单（初级）,20 周,热度 165,中文,,国家精品,商业管理
490,财务报表编制,,福州大学,普通（中级）,9 周,热度 277,中文,,国家精品,金融
13508,二手车鉴定与评估,,许昌职业技术学院,普通（中级）,15 周,热度 166,中文,,国家精品,其他
7715,市场营销学,,福州大学,简单（初级）,16 周,热度 259,中文,,国家精品,商业管理
16570,电子商务,,重庆大学,简单（初级）,13 周,热度 274,中文,,国家精品,互联网
17439,网络与新媒体应用模式,,华中科技大学,简单（初级）,18 周,热度 197,中文,,国家精品,互联网
4704,广告创意学,,湖南大学,简单（初级）,12 周,热度 214,中文,,国家精品,商业管理
13182,调查数据收集和分析,,马里兰大学帕克分校 & 密歇根大学,简单（初级）,6 个月,热度 531,英语,,专项课程,计算机
87,数据系统,,亚利桑那州立大学,普通（中级）,2 个月,热度 417,英语,,专项课程,计算机
17458,UI / UX 设计,,加州艺术学院,简单（初级）,5 个月,热度 776,英语,,专项课程,艺术
15393,数据可视化,,亚利桑那州立大学,普通（中级）,3 个月,热度 450,英语,,专项课程,计算机
18403,面向金融的机器学习与强化学习,,纽约大学坦顿工程学院,普通（中级）,5 个月,热度 509,英语,,专项课程,计算机
17820,使用Tableau进行数据可视化,,加州大学戴维斯分校,简单（初级）,4 个月,热度 424,英语,,专项课程,计算机
11790,利用Python实践数据科学,,密歇根大学,普通（中级）,5 个月,热度 879,"中文, 英语",,专项课程,计算机
4214,信息可视化,,纽约大学坦顿工程学院,简单（初级）,3 个月,热度 337,英语,,专项课程,计算机
1317,商业统计与分析,,莱斯大学,简单（初级）,2 个月,热度 387,英语,,专项课程,商业管理
17576,IBM 高级数据科学,,IBM,难（高级）,2 个月,热度 321,"英语, 法语",,专项课程,计算机
4226,推荐引擎,,明尼苏达大学,普通（中级）,2 个月,热度 314,英语,,专项课程,计算机
16989,基于Google云平台的TensorFlow机器学习,,Google Cloud,普通（中级）,1 个月,热度 368,"英语, 法语, 日语, 西班牙语, 德语, 葡萄牙语",,专项课程,计算机
13385,面向机器学习的数学,,帝国理工学院,简单（初级）,2 个月,热度 419,英语,,专项课程,数学与统计
14173,大学日语,,西安交通大学,简单（初级）,9 周,"热度 3,333","中文, 日语",,,语言
19890,高级机器学习,,高等经济学院,难（高级）,7 个月,"热度 1,923",英语,,,计算机
11257,区块链的商业应用,,Linux 基金会,普通（中级）,14 周,"热度 1,824",英语,,edX专业认证,计算机
14773,区块链基础,,加州大学伯克利分校,普通（中级）,12 周,"热度 1,992",英语,,edX专业认证,计算机
15996,区块链技术,,加州大学伯克利分校,普通（中级）,6 周,热度 989,英语,,,计算机
5730,比特币和加密货币,,加州大学伯克利分校,简单（初级）,6 周,热度 915,英语,,,计算机
2534,面向开发者的 IBM 区块链基础,,IBM,普通（中级）,6 周,热度 726,英语,1月9日,,计算机
9633,智能合约,,纽约州立大学 & 布法罗大学,普通（中级）,4 周,热度 752,英语,,,计算机
12285,IBM 数据科学专业认证,,IBM,简单（初级）,3 个月,"热度 1,023","英语, 德语",,,计算机
16851,区块链,,纽约州立大学 & 布法罗大学,普通（中级）,2 个月,热度 993,英语,,专项课程,计算机
12665,计算机科学硕士,,亚利桑那州立大学,极难（专业级）,36 个月,"热度 2,030",英语,3月15日,在线学位,计算机
605,区块链开发工程师,,网易杭州研究院 & 趣链科技,普通（中级）,2 个月,"热度 1,380",中文,,微专业,互联网
5610,数据分析师（Python）,,城市数据团&网易,简单（初级）,5 个月,"热度 5,919",中文,,微专业,计算机
8972,城市数据分析师,,城市数据团,普通（中级）,6 个月,"热度 1,615",中文,,微专业,计算机
10884,商业数据分析师,,经管之家CDA数据分析研究院,简单（初级）,3 个月,"热度 1,778",中文,1月23日,微专业,计算机
7760,大数据开发工程师,,网易&浙大&云展大数据,普通（中级）,5 周,"热度 1,762",中文,,微专业,计算机
858,初级小程序开发工程师,,网易杭州研究院,简单（初级）,3 个月,"热度 1,836",中文,,微专业,计算机
1680,自由摄影师Plus,,咔图摄影教育中心,普通（中级）,6 个月,"热度 2,078",中文,,微专业,艺术
3831,遗传与分子生物学实验,,厦门大学,普通（中级）,18 周,"热度 3,082",中文,,,生物
1601,针灸学,,厦门大学,普通（中级）,18 周,"热度 3,614",中文,,,医学健康
9186,金融学（二）,,中央财经大学,难（高级）,4 个月,"热度 3,815",中文,,国家精品,金融
19161,投资学,,中央财经大学,普通（中级）,20 周,"热度 3,793",中文,,,金融
16680,学前儿童健康教育,,南京师范大学,普通（中级）,19 周,"热度 1,895",中文,,,教育
10691,光学,,中山大学,简单（初级）,18 周,"热度 1,577",中文,,,物理
2775,会计学原理,,福州大学,简单（初级）,19 周,"热度 2,676",中文,,,金融
19775,全球商业挑战,,伊利诺伊大学香槟分校,简单（初级）,8 个月,"热度 1,894",英语,,专项课程,商业管理
4538,市场调查,,加州大学戴维斯分校,简单（初级）,5 个月,"热度 1,633",英语,,专项课程,商业管理
10452,在中国做生意,,香港中文大学,简单（初级）,5 个月,"热度 2,949",英语,,专项课程,商业管理
4245,创新：从创意到创业,,伊利诺伊大学香槟分校,简单（初级）,7 个月,"热度 1,102",英语,,专项课程,商业管理
4578,定价策略优化,,弗吉尼亚大学,简单（初级）,5 个月,热度 799,英语,,专项课程,商业管理
16238,企业网络安全规划,,乔治亚大学,简单（初级）,4 个月,热度 834,英语,,专项课程,商业管理
5527,供应链管理,,新泽西州立罗格斯大学,简单（初级）,5 个月,"热度 1,072","英语, 德语",,专项课程,商业管理
19046,Google IT 支持专业认证,,Google,简单（初级）,3 个月,"热度 1,270",英语,2月22日,专项课程,计算机
623,利用Google云平台开发应用程序,,Google Cloud,普通（中级）,1 个月,热度 826,英语,,专项课程,计算机
12852,Java的并行、并发和分布式编程,,莱斯大学,普通（中级）,2 个月,"热度 2,130",英语,,专项课程,计算机
1268,面向对象的Java编程,,杜克大学,简单（初级）,5 个月,"热度 1,560","中文, 英语, 韩语, 德语",,专项课程,计算机
3769,软件设计与体系结构,,阿尔伯塔大学,简单（初级）,4 个月,热度 643,英语,,专项课程,计算机
4887,用户界面设计,,明尼苏达大学,普通（中级）,5 个月,热度 763,英语,,专项课程,计算机
3430,虚拟现实,,伦敦大学,简单（初级）,6 个月,"热度 1,185","英语, 俄语",,专项课程,计算机
17643,无人驾驶工程师,,"Udacity, nVIDIA",普通（中级）,3 个月,热度 991,英语,1月4日,纳米学位,计算机
18206,无人驾驶入门,,Udacity,普通（中级）,16 周,"热度 1,720","中文, 英语",1月2日,纳米学位,计算机
8576,机器学习工程师,,稀牛学院,普通（中级）,3 个月,"热度 1,575",中文,,微专业,计算机
14404,人工智能数学基础,,稀牛学院,普通（中级）,3 个月,"热度 2,211",中文,,微专业,计算机
19028,初级前端开发工程师,,网易杭州研究院,简单（初级）,3 个月,"热度 1,340",中文,,微专业,计算机
3629,高级前端开发工程师,,网易杭州研究院,普通（中级）,4 个月,热度 946,中文,,微专业,计算机
2729,面向商业的Excel技能,,麦考瑞大学,简单（初级）,3 个月,"热度 1,490",英语,,专项课程,商业管理
1791,精通R语言软件开发,,约翰霍普金斯大学,简单（初级）,3 个月,"热度 1,124","中文, 英语, 法语, 日语, 德语",,专项课程,计算机
2514,Python脚本入门,,莱斯大学,简单（初级）,2 个月,"热度 3,794",英语,,专项课程,计算机
426,面向数据工程师的大数据,,Yandex,普通（中级）,6 个月,热度 794,英语,,专项课程,计算机
16701,高级商业分析,,科罗拉多大学波德分校,普通（中级）,5 个月,热度 898,"英语, 韩语",,专项课程,商业管理
12567,Google云平台的数据与结构,,Google Cloud,简单（初级）,1 个月,热度 515,英语,,专项课程,计算机
8610,营销分析基础,,艾莫利大学,普通（中级）,7 个月,热度 673,英语,,专项课程,商业管理
2308,IT支持：文档,,微软,简单（初级）,5 周,热度 932,英语,1月1日,,计算机
6215,IT支持：沟通,,微软,简单（初级）,5 周,热度 674,英语,1月1日,,计算机
15262,IT支持：基础,,微软,简单（初级）,4 周,热度 952,英语,1月1日,,计算机
5819,大数据入门,,微软,简单（初级）,3 周,"热度 1,590",英语,1月1日,,计算机
19223,工商管理硕士 (iMBA),,伊利诺伊大学香槟分校,极难（专业级）,36 个月,"热度 2,514",英语,5月17日,在线学位,商业管理
8346,会计硕士,,伊利诺伊大学香槟分校,极难（专业级）,36 个月,"热度 2,075",英语,6月14日,在线学位,金融
17882,创新与创业硕士,,巴黎高等商学院,极难（专业级）,18 个月,"热度 1,403",英语,5月6日,在线学位,商业管理
10151,计算机科学硕士,,伊利诺伊大学香槟分校,极难（专业级）,36 个月,"热度 2,140",英语,2月15日,在线学位,计算机
3466,地产数据分析师,,城市数据团 & 真叫卢俊 & MASA,普通（中级）,6 个月,"热度 2,222",中文,,微专业,经济
1326,深度学习工程师,,deeplearning.ai & 网易,简单（初级）,4 个月,"热度 2,532",中文,,微专业,计算机
4560,Linux高端运维工程师,,老男孩IT教育,简单（初级）,6 个月,"热度 2,044",中文,,微专业,计算机
4308,深度学习,,deeplearning.ai,普通（中级）,3 个月,"热度 3,387","中文, 英语, 日语, 韩语, 葡萄牙语",,专项课程,计算机
1566,医疗卫生促进与创新领导力,,英国华威大学,简单（初级）,6 周,"热度 1,072",英语,,,医学健康
6984,计算机构架,,普林斯顿大学,难（高级）,17 个小时,"热度 6,891",英语,,,计算机
18002,面向科学、技术、工程及数学的英语,,宾夕法尼亚大学,简单（初级）,23 个小时,"热度 5,700",英语,,,语言
17421,用Scala和Spark进行大数据分析,,洛桑联邦理工学院,简单（初级）,15 个小时,"热度 4,008",英语,,,计算机
18954,编程语言，C部分,,华盛顿大学,难（高级）,19 个小时,"热度 4,638",英语,,,计算机
9080,编程语言，B部分,,华盛顿大学,普通（中级）,19 个小时,"热度 2,027",英语,,,计算机
7334,编程语言，A部分,,华盛顿大学,普通（中级）,35 个小时,"热度 3,071",英语,,,计算机
14847,创造建筑,,IE商学院、IE建筑设计学院,简单（初级）,18 个小时,"热度 2,926",英语,,,建筑
8595,新兴技术：从智能手机到物联网和大数据,,韩国延世大学,简单（初级）,4 个月,"热度 2,054",英语,,专项课程,计算机
13504,物联网无线和云计算新兴技术,,韩国延世大学,简单（初级）,13 个小时,热度 950,英语,,,计算机
19932,都市回归城镇：全球化城市世界的城市社会学,,巴黎政治大学,简单（初级）,21 个小时,"热度 1,861","英语, 西班牙语",,,社会
8232,古典社会学理论,,阿姆斯特丹大学,简单（初级）,17 个小时,热度 912,英语,,,社会
9550,定量形式化建模与最坏情况性能分析,,EIT Digital,难（高级）,19 个小时,热度 553,英语,,,计算机
12102,近似算法 1,,巴黎高等师范学院,难（高级）,21 个小时,热度 694,英语,,,计算机
6134,近似算法 2,,巴黎高等师范学院,难（高级）,12 个小时,热度 568,英语,,,计算机
10057,声乐制作的艺术,,伯克利音乐学院,简单（初级）,14 个小时,"热度 1,394",英语,,,艺术
3159,概率图形模型,,斯坦福大学,难（高级）,4 个月,"热度 1,469",英语,,专项课程,计算机
15902,算法,,斯坦福大学,普通（中级）,4 个月,"热度 2,379",英语,,专项课程,计算机
982,JavaScript 入门,,W3C （万维网联盟）,简单（初级）,5 周,"热度 1,671",英语,,,计算机
3484,Windows Server 2016：网络基础,,微软,普通（中级）,5 周,热度 770,英语,,,计算机
6891,CSS 基础,,W3C （万维网联盟）,简单（初级）,5 周,热度 817,英语,,,计算机
4276,生活中的货币时间价值,,暨南大学,简单（初级）,17 周,"热度 1,581",中文,,,经济
1221,手把手教你心理咨询：谈话的艺术,,南京大学,简单（初级）,7 周,"热度 2,768",中文,,,心理
17173,交互式电子白板教学应用,,爱课程,简单（初级）,8 周,"热度 1,055",中文,,,教育
13641,走向深度的合作学习,,爱课程,简单（初级）,8 周,"热度 1,017",中文,,,教育
19507,环境学基础,,南开大学,简单（初级）,11 周,热度 906,中文,,,环境与地球
18643,交互数字媒体技术与设计,,湖南大学,普通（中级）,7 周,热度 994,中文,,,计算机
11443,中药与美容,,中国药科大学,简单（初级）,5 周,"热度 1,096",中文,,,医学健康
4234,植物学,,西北大学,简单（初级）,12 周,热度 966,中文,,,生物
16011,英语语法与写作,,暨南大学,简单（初级）,10 周,"热度 2,819",中文,,,语言
2227,数学文化十讲,,南开大学,简单（初级）,9 周,"热度 1,083",中文,,国家精品,数学与统计
16745,全栈新媒体运营,,半撇私塾 & 网易,简单（初级）,13 周,"热度 1,785",中文,2月11日,微专业,商业管理
8910,精益创业家,,中欧国际工商学院,简单（初级）,17 周,"热度 1,116",中文,,微专业,商业管理
13043,小儿保健推拿师,,医知袋鼠,简单（初级）,4 周,"热度 1,227",中文,,微专业,医学健康
8923,高级UI设计师2.0,,网易杭州研究院,普通（中级）,6 个月,"热度 2,037",中文,1月23日,微专业,艺术
6064,思维导图的教学应用,,爱课程,简单（初级）,6 周,"热度 1,228",中文,3月11日,,教育
4707,课堂管理的方法与艺术,,爱课程,简单（初级）,8 周,热度 976,中文,1月1日,,教育
7721,“互联网+”时代教师个人知识管理,,爱课程,简单（初级）,8 周,"热度 1,269",中文,,,教育
19817,流体力学,,大连理工大学,普通（中级）,15 周,"热度 1,232",中文,,,物理
15348,园艺概论,,华中农业大学,简单（初级）,8 周,热度 687,中文,,,生物
18268,财政学,,中南财经政法大学,普通（中级）,18 周,热度 944,中文,,,金融
13392,宠物犬鉴赏,,华中农业大学,简单（初级）,9 周,热度 539,中文,,,生物
5017,财务基础：管理家庭资产负债表,,英国开放大学,简单（初级）,4 周,"热度 5,871",英语,2月18日,,金融
16366,基因组时代：医学遗传学的未来,,伦敦大学圣乔治医学院,普通（中级）,5 周,"热度 4,476",英语,,,医学健康
388,机器人导论：构建机器人手臂,,澳大利亚昆士兰科技大学,简单（初级）,5 周,"热度 4,901",英语,,,工程
12902,英国议会制度：人民，流程和公众参与,,英国威斯敏斯特宫,简单（初级）,3 周,"热度 3,706",英语,,,社会
5908,现代建筑设计,,英国巴斯大学,简单（初级）,3 周,"热度 3,332",英语,,,建筑
15952,探索牙科,,英国谢菲尔德大学,简单（初级）,6 周,"热度 2,645",英语,1月28日,,医学健康
18293,西班牙语入门 6：出行,,英国开放大学,简单（初级）,4 周,"热度 2,815","英语, 西班牙语",3月18日,,语言
16479,西班牙语入门 2：人物和场所,,英国开放大学,简单（初级）,4 周,"热度 3,128","英语, 西班牙语",,,语言
164,逻辑和批判性思维,,新西兰奥克兰大学,简单（初级）,8 周,"热度 4,303",英语,,,哲学
14399,意大利语入门 5：旅行时间,,英国开放大学,简单（初级）,4 周,"热度 1,221","英语, 意大利语",2月11日,,语言
14768,意大利语入门 2：我的朋友和家人,,英国开放大学,简单（初级）,4 周,热度 668,"英语, 意大利语",,,语言
2841,探索英语教学世界,,剑桥大学外语考试部,简单（初级）,6 周,"热度 1,990",英语,,,语言
18513,经典导读与欣赏,,西南大学,简单（初级）,18 周,"热度 2,562",中文,,,文学
12159,社区管理学,,东北大学,简单（初级）,12 周,热度 912,中文,,,商业管理
6825,IT行业职场英语,,大连理工大学,普通（中级）,16 周,"热度 2,071",中文,,,语言
2097,材料工程基础,,武汉理工大学,普通（中级）,16 周,"热度 1,079",中文,,,工程
588,材料力学,,东北大学,普通（中级）,19 周,"热度 1,427",中文,,,物理
17206,分析化学,,大连理工大学,普通（中级）,17 周,"热度 1,812",中文,,,化学
3905,普通化学,,大连理工大学,简单（初级）,19 周,"热度 1,159",中文,,,化学
8787,化学与社会,,大连理工大学,简单（初级）,16 周,热度 706,中文,,,化学
16302,有机化学（下）,,大连理工大学,普通（中级）,17 周,热度 638,中文,,,化学
18295,有机化学（上）,,大连理工大学,普通（中级）,17 周,"热度 1,080",中文,,,化学
7593,无机化学（下）,,大连理工大学,简单（初级）,18 周,热度 742,中文,,,化学
2448,英美诗歌名篇选读,,北京联合大学,普通（中级）,16 周,"热度 1,658",中文,,,文学
12189,网络技术与应用,,南京邮电大学,简单（初级）,12 周,"热度 2,167",中文,,国家精品,互联网
15744,大学物理3：电磁学,,同济大学,简单（初级）,12 周,"热度 1,385",中文,,国家精品,物理
15696,实用大众线性代数(MATLAB版),,西安电子科技大学,简单（初级）,17 周,"热度 2,339",中文,,,数学与统计
16262,数据库技术及应用,,东北师范大学,简单（初级）,17 周,"热度 1,604",中文,,国家精品,计算机
18419,微积分（三）,,电子科技大学,简单（初级）,12 周,"热度 1,401",中文,,,数学与统计
1383,中国行政法原理及应用,,南京大学,普通（中级）,17 周,"热度 1,023",中文,,,法律
17501,养气方程式,,台北医学大学,简单（初级）,8 周,热度 503,中文,,,医学健康
5872,精密机械设计,,武汉大学,普通（中级）,8 周,热度 943,中文,,,工程
19992,药理学,,山东大学,普通（中级）,16 周,"热度 1,204",中文,,,医学健康
18828,信号与系统,,北京交通大学,难（高级）,19 周,"热度 1,517",中文,,,电子
19783,工科数学分析（二）,,北京航空航天大学,普通（中级）,20 周,热度 760,中文,,,数学与统计
9750,图像复制原理,,武汉大学,普通（中级）,8 周,热度 603,中文,,,艺术
11837,病原生物与人类,,复旦大学,简单（初级）,8 周,热度 751,中文,,,医学健康
16257,英语语言学概论,,东北大学,普通（中级）,12 周,"热度 1,591",中文,,,语言
7615,线性代数,,北京理工大学,简单（初级）,14 周,"热度 2,303",中文,,,数学与统计
4711,冷战史专题,,华东师范大学,普通（中级）,9 周,"热度 1,173",中文,,,历史
14572,学术交流英语,,东南大学,普通（中级）,17 周,"热度 1,478",中文,,,语言
131,高等数学(二),,西安交通大学,简单（初级）,16 周,"热度 3,629",中文,,,数学与统计
6854,犯罪现象：原因与对策,,郑州大学,简单（初级）,9 周,热度 663,中文,,,法律
10709,有机化学(1),,西安交通大学,普通（中级）,17 周,热度 616,中文,,,化学
17316,外国文学经典选读与现实观照,,电子科技大学,简单（初级）,19 周,热度 660,中文,,国家精品,文学
10427,《论语》教育智慧品绎,,华南师范大学,普通（中级）,14 周,热度 912,中文,,,文学
16267,体育与健康,,华东师范大学,简单（初级）,20 周,热度 987,中文,,,医学健康
19809,中国近现代史纲要,,武汉大学,简单（初级）,15 周,"热度 1,384",中文,,,历史
14773,计算机组成原理（下）,,哈尔滨工业大学,普通（中级）,19 周,热度 919,中文,,,计算机
15497,计算机组成原理（上）,,哈尔滨工业大学,普通（中级）,19 周,"热度 1,860",中文,,,计算机
17382,微生物学与免疫学实验,,厦门大学,普通（中级）,17 周,热度 684,中文,,,生物
15968,概率论与数理统计,,哈尔滨工业大学,普通（中级）,12 周,"热度 1,925",中文,,,数学与统计
8488,无机及分析化学（上）,,华中农业大学,简单（初级）,11 周,"热度 1,116",中文,,国家精品,化学
7655,有机化学,,华中农业大学,简单（初级）,17 周,热度 940,中文,,,化学
133,C语言程序设计精髓,,哈尔滨工业大学,简单（初级）,20 周,"热度 2,538",中文,,,计算机
17619,高等数学（三）,,国防科技大学,简单（初级）,6 周,"热度 1,668",中文,,,数学与统计
17377,Java程序设计,,北京大学,普通（中级）,16 周,"热度 4,822",中文,,,计算机
19387,工程力学,,华中科技大学,难（高级）,20 周,"热度 1,122",中文,,,工程
7965,模拟电子技术基础,,华中科技大学,普通（中级）,19 周,"热度 1,803",中文,,,电子
10147,电路分析基础,,南京邮电大学,普通（中级）,14 周,"热度 1,276",中文,,,电子
2224,植物学,,华中农业大学,简单（初级）,17 周,"热度 1,184",中文,,,生物
10986,Python网络爬虫与信息提取,,北京理工大学,普通（中级）,9 周,"热度 5,996",中文,,,计算机
8548,Python科学计算三维可视化,,北京理工大学,普通（中级）,10 周,"热度 1,965",中文,,,计算机
15254,Python机器学习应用,,北京理工大学,普通（中级）,5 周,"热度 3,328",中文,,,计算机
5294,Python云端系统开发入门,,北京理工大学,普通（中级）,7 周,"热度 1,678",中文,,,计算机
5417,Python游戏开发入门,,北京理工大学,普通（中级）,10 周,"热度 2,837",中文,,,计算机
10247,Python数据分析与展示,,北京理工大学,普通（中级）,5 周,"热度 4,141",中文,,,计算机
6984,Web安全工程师,,网易信息安全部,简单（初级）,6 个月,"热度 2,493",中文,,微专业,计算机
19504,数据分析师（SQL Server）,,经管之家,普通（中级）,3 个月,"热度 6,138",中文,,微专业,经济
16066,数据分析师（Excel）,,经管之家,简单（初级）,2 个月,"热度 10,887",中文,,微专业,经济
5308,数据挖掘工程师,,经管之家,普通（中级）,4 个月,"热度 5,305",中文,,微专业,经济
7807,Python Web 开发工程师,,麻瓜编程,简单（初级）,6 周,"热度 8,214",中文,,微专业,计算机
7073,大数据分析师,,经管之家,普通（中级）,9 周,"热度 5,035",中文,,微专业,计算机
17904,手游场景设计师,,GA游戏教育,简单（初级）,5 个月,"热度 2,572",中文,,微专业,艺术
18647,游戏原画师,,网易游戏,普通（中级）,9 个月,"热度 4,053",中文,,微专业,艺术
6325,手游UI设计师,,网易雷火,普通（中级）,7 个月,"热度 3,344",中文,,微专业,艺术
6124,Java应用基础,,浙江大学,简单（初级）,3 个月,"热度 7,319",中文,,微专业,计算机
17068,Android开发工程师,,网易杭州研究院,普通（中级）,3 个月,"热度 5,205",中文,,微专业,计算机
11046,iOS开发工程师,,网易杭州研究院,普通（中级）,3 个月,"热度 2,355",中文,,微专业,计算机
12683,新媒体视频导演,,咔图摄影教育中心,简单（初级）,5 个月,"热度 3,828",中文,,微专业,艺术
3743,Unity游戏开发工程师（基础班）,,InsideRIA,简单（初级）,5 周,"热度 2,894",中文,,微专业,艺术
13095,游戏化教学法,,爱课程,普通（中级）,8 周,"热度 3,400",中文,,,教育
8443,微生物学,,厦门大学,简单（初级）,22 周,"热度 1,720",中文,,,生物
18729,用药快餐车,,台北医学大学,简单（初级）,10 周,"热度 1,221",中文,,,医学健康
6302,工程流体力学,,北京理工大学,难（高级）,12 周,"热度 2,282",中文,,,物理
62,投资学,,台湾清华大学,普通（中级）,10 周,"热度 3,328",中文,,,金融
949,小提琴和中提琴教学：打下坚实基础,,美国西北大学,简单（初级）,18 个小时,"热度 2,726",英语,,,艺术
12742,宇宙之旅：我们时代的故事,,耶鲁大学,简单（初级）,36 周,热度 162,"中文, 英语",,专项课程,环境与地球
14771,有效地向受众传播新闻,,密歇根州立大学,普通（中级）,9 个小时,"热度 1,854",英语,,,社会
4322,什么是新闻,,密歇根州立大学,简单（初级）,13 个小时,"热度 1,743",英语,,,社会
3405,音乐与社会运动,,耶鲁大学,普通（中级）,26 个小时,"热度 1,912",英语,,,社会
17606,严肃游戏,,鹿特丹伊拉斯姆斯大学,简单（初级）,15 个小时,"热度 2,339","英语, 法语",,,教育
6493,电子游戏中的角色设计,,加州艺术学院,简单（初级）,12 个小时,"热度 1,818",英语,,,艺术
13633,用户研究员,,浙江大学 网易,简单（初级）,5 个月,"热度 3,002",中文,1月23日,微专业,互联网
10059,慕课的艺术：行动主义和社会运动,,杜克大学,简单（初级）,7 个小时,"热度 1,353","英语, 西班牙语",,,教育
418,慕课的艺术：公共艺术和教育学,,杜克大学,简单（初级）,9 个小时,"热度 1,332","英语, 西班牙语",,,教育
12025,城市设计,,宾夕法尼亚大学,简单（初级）,20 个小时,"热度 1,110",英语,,,建筑
6925,贝多芬钢琴奏鸣曲探索,,柯蒂斯音乐学院,普通（中级）,32 个小时,"热度 1,098",英语,,,艺术
7454,现代世界，第二部分：1910 年后的全球史,,弗吉尼亚大学,简单（初级）,28 个小时,热度 804,"英语, 西班牙语",,,历史
10789,现代世界，第一部分：1760 年到 1910 年的全球史,,弗吉尼亚大学,简单（初级）,23 周,"热度 1,002","英语, 西班牙语",,,历史
11042,古希腊,,卫斯连大学,简单（初级）,23 个小时,热度 886,"英语, 西班牙语",,,历史
18119,杏林探宝——认知中药,,上海交通大学 上海中医药大学,简单（初级）,25 个小时,"热度 1,528","中文, 英语",,,医学健康
749,人类太空飞行简史,,休斯敦大学系统,简单（初级）,10 个小时,热度 711,英语,,,历史
2418,新任管理者,,中欧商业在线,简单（初级）,4 个月,"热度 2,449",中文,,微专业,商业管理
13938,国家预算管理,,中南财经政法大学,普通（中级）,20 周,"热度 1,716",中文,,国家精品,金融
18755,现代工程制图（上）,,大连理工大学,简单（初级）,22 周,"热度 2,255",中文,,,工程
17474,中国诗歌艺术,,四川大学,简单（初级）,17 周,"热度 2,532",中文,,国家精品,文学
16906,科举与唐诗,,郑州大学,简单（初级）,15 周,"热度 1,460",中文,,,文学
11957,普通昆虫学（一）,,华中农业大学,简单（初级）,12 周,"热度 1,240",中文,,,生物
4187,航空燃气涡轮发动机结构设计,,北京航空航天大学,难（高级）,14 周,"热度 1,646",中文,,国家精品,工程
17824,理论力学,,哈尔滨工业大学,普通（中级）,20 周,"热度 2,654",中文,,国家精品,物理
1718,概率论与数理统计–习题与案例分析,,浙江大学,普通（中级）,16 周,"热度 2,646",中文,,,数学与统计
14795,物理与艺术,,南京航空航天大学,简单（初级）,12 周,"热度 1,139",中文,,国家精品,物理
15381,医学伦理学,,四川大学,简单（初级）,12 周,热度 977,中文,,,医学健康
17008,风景园林景观设计原理,,同济大学,普通（中级）,17 周,"热度 1,469",中文,,,环境与地球
12068,细胞生物学,,厦门大学,普通（中级）,16 周,"热度 1,005","中文, 英语",,国家精品,生物
4822,国际结算操作,,浙江金融职业学院,简单（初级）,18 周,"热度 1,507",中文,,,金融
5337,新科学家英语：演讲与写作,,哈尔滨工业大学,普通（中级）,15 周,"热度 1,835",中文,,国家精品,语言
18676,世界华文文学经典欣赏,,武汉大学,简单（初级）,11 周,"热度 1,469",中文,,国家精品,文学
18977,单片机原理及应用,,哈尔滨工业大学,普通（中级）,3 周,"热度 3,204",中文,,国家精品,计算机
18241,数字电子技术基础,,哈尔滨工业大学,普通（中级）,19 周,"热度 1,930",中文,,,电子
1894,数字集成电路与系统设计（ASIC设计）,,电子科技大学,难（高级）,15 周,"热度 1,861",英语,,,电子
14897,中国书法,,高等教育出版社,简单（初级）,16 周,"热度 1,925",中文,,,艺术
13557,工程信号与系统,,西安电子科技大学,普通（中级）,13 周,"热度 1,180",中文,,国家精品,电子
15635,VisualBasic.NET程序设计进阶,,同济大学,普通（中级）,10 周,热度 606,中文,,国家精品,计算机
12327,医用计算机基础,,第四军医大学,简单（初级）,21 周,热度 745,中文,,,医学健康
1178,云计算,,伊利诺伊大学香槟分校,普通（中级）,6 个月,"热度 4,467","英语, 韩语",,专项课程,计算机
2573,中国饮食文化,,华中农业大学,简单（初级）,17 周,"热度 3,340",中文,,国家精品,社会
14646,太极拳文化与功法习练,,武汉理工大学,简单（初级）,18 周,"热度 2,820",中文,,国家精品,医学健康
7933,动物生理学,,华中农业大学,简单（初级）,15 周,"热度 1,754",中文,,,生物
19607,数字逻辑设计及应用,,电子科技大学,难（高级）,24 周,"热度 2,841",中文,,国家精品,电子
19688,电影鉴赏,,中国海洋大学,简单（初级）,10 周,"热度 4,158",中文,,,艺术
1241,人人爱设计（下）,,山东大学,简单（初级）,14 周,"热度 3,056",中文,,国家精品,艺术
18341,数据库系统概论（高级篇）,,中国人民大学,难（高级）,15 周,"热度 2,412",中文,,国家精品,计算机
16094,转型经济学和新兴市场,,俄罗斯高等经济学院,简单（初级）,13 个小时,"热度 2,700",英语,,,经济
13271,磁性材料及硬件,,麻省理工学院,难（高级）,4 周,"热度 2,835",英语,,,电子
416,计算机程序设计（C++）,,西安交通大学,简单（初级）,20 周,"热度 9,381",中文,,国家精品,计算机
18887,自我塑造：成功五要素,,哈尔滨工业大学,简单（初级）,14 周,"热度 3,537",中文,,国家精品,其他
10859,微机原理与接口技术,,西安交通大学,普通（中级）,16 周,"热度 4,814",中文,,,计算机
6320,通信原理,,电子科技大学,难（高级）,22 周,"热度 3,650",中文,,,电子
2414,中医诊断学（上）,,北京中医药大学,普通（中级）,18 周,"热度 3,562",中文,,国家精品,医学健康
2121,中医与诊断—学做自己的医生,,暨南大学,简单（初级）,18 周,"热度 3,334",中文,,国家精品,医学健康
17339,药物分析,,中国药科大学,普通（中级）,19 周,"热度 2,032",中文,,国家精品,化学
9170,《道德经》的智慧启示,,中国海洋大学,简单（初级）,17 周,"热度 3,800",中文,,国家精品,哲学
15291,《世说新语》的国学密码解析,,中国海洋大学,简单（初级）,17 周,"热度 1,665",中文,,,历史
16538,认识星空,,华中农业大学,简单（初级）,13 周,"热度 1,589",中文,,,环境与地球
16935,信息检索,,武汉大学,简单（初级）,16 周,"热度 2,286",中文,,国家精品,社会
1346,信息管理学基础,,武汉大学,简单（初级）,12 周,热度 906,中文,,,社会
10902,现场生命急救知识与技能,,南昌大学,简单（初级）,13 周,"热度 1,311",中文,,国家精品,医学健康
5743,公司金融学,,西南财经大学,简单（初级）,16 周,"热度 3,127",中文,,国家精品,金融
18473,行为金融学,,杜克大学,简单（初级）,9 个小时,"热度 2,140","英语, 葡萄牙语",,,金融
10692,实用机器学习,,微软,难（高级）,6 周,"热度 1,665",英语,,,计算机
11173,哲学导论：上帝，知识和意识,,麻省理工学院,简单（初级）,12 周,"热度 1,616",英语,3月3日,,哲学
1108,物流与供应链管理概论,,清华大学,简单（初级）,6 周,"热度 2,016",中文,,,商业管理
15410,交通规划理论,,清华大学,简单（初级）,6 周,热度 975,中文,,,工程
10688,IC设计与方法,,清华大学,普通（中级）,12 周,"热度 1,336",中文,,,电子
10445,现代教育技术,,陕西师范大学,普通（中级）,16 周,"热度 1,563",中文,,国家精品,教育
9823,自动化专业概论,,华北电力大学,难（高级）,16 周,"热度 1,771",中文,,,工程
4640,物理与人类生活,,吉林大学,简单（初级）,10 周,热度 974,中文,3月4日,,物理
16734,组织行为学,,中南财经政法大学,简单（初级）,13 周,"热度 2,381",中文,,国家精品,商业管理
7935,医学生理学,,山东大学,难（高级）,19 周,"热度 1,647",中文,,国家精品,医学健康
13833,力学(下),,吉林大学,普通（中级）,11 周,热度 606,中文,,国家精品,物理
830,力学(上),,吉林大学,普通（中级）,10 周,热度 879,中文,,国家精品,物理
14683,地理信息系统概论,,中山大学,简单（初级）,20 周,"热度 1,798",中文,,国家精品,环境与地球
17058,工科数学分析（一）,,北京航空航天大学,简单（初级）,22 周,"热度 2,200",中文,,,数学与统计
9180,3D打印革命,,伊利诺伊大学香槟分校,简单（初级）,12 个小时,"热度 1,561","中文, 英语",,,计算机
11320,电影制片：电影拍摄的幕后,,Creative Skillset,简单（初级）,3 周,"热度 1,846",英语,,,艺术
18842,药物化学,,中国药科大学,难（高级）,19 周,"热度 1,452",中文,,国家精品,化学
16987,机械原理,,北京理工大学,难（高级）,18 周,"热度 2,286",中文,,国家精品,工程
19414,系统解剖学,,山东大学,简单（初级）,15 周,"热度 2,306",中文,,国家精品,医学健康
5132,营养与健康,,南京大学,简单（初级）,11 周,"热度 1,806",中文,,,医学健康
6977,VR游戏设计师,,GA游戏教育,普通（中级）,6 个月,"热度 3,620",中文,,微专业,计算机
10137,亚洲本土建筑： 传统，现代与文化的可持续发展,,香港大学,简单（初级）,5 周,"热度 1,549","中文, 英语",3月3日,,建筑
19805,创建关系型数据库,,微软,普通（中级）,6 周,"热度 1,221",英语,,,计算机
16496,音乐技术基础,,澳大利亚阿德莱德大学,简单（初级）,6 周,"热度 1,720",英语,,,艺术
10021,内部控制与风险管理,,中南财经政法大学,普通（中级）,17 周,"热度 2,125",中文,,国家精品,商业管理
14338,天文探秘,,南京大学,简单（初级）,20 周,"热度 1,119",中文,,国家精品,物理
1618,中国茶道,,湖南农业大学,简单（初级）,10 周,"热度 2,765",中文,,国家精品,历史
2657,自我实现,,中国科学技术大学,简单（初级）,5 个月,"热度 2,077",中文,3月3日,,其他
11908,面向数据科学的 Python 编程,,微软,普通（中级）,6 周,"热度 4,538",英语,3月3日,,计算机
13827,面向数据科学的 R 语言编程,,微软,普通（中级）,6 周,"热度 1,913",英语,3月3日,,计算机
5863,创意与创业,,伯克利音乐学院,简单（初级）,4 周,"热度 1,474",英语,1月28日,,商业管理
2178,整合和分析复杂数据,,马里兰大学帕克分校,简单（初级）,8 个小时,热度 983,英语,,,计算机
12043,通过经文了解犹太教,,哈佛大学,简单（初级）,4 周,"热度 1,548",英语,,,宗教
6177,新闻英语,,宾夕法尼亚大学,普通（中级）,26 个小时,"热度 3,462",英语,,,语言
7220,水文气候概论,,荷兰代尔夫特理工大学,普通（中级）,10 周,热度 994,英语,1月1日,,环境与地球
17791,成为企业家,,麻省理工学院,简单（初级）,6 周,"热度 1,293",英语,,,商业管理
3332,金融会计,,ACCA 特许公认会计师公会,普通（中级）,10 周,"热度 2,362",英语,1月7日,,金融
7166,管理会计,,ACCA 特许公认会计师公会,普通（中级）,10 周,"热度 2,148",英语,1月7日,,金融
14892,商务会计,,ACCA 特许公认会计师公会,普通（中级）,10 周,"热度 1,101",英语,1月7日,,金融
18324,光电材料与器件,,麻省理工学院,难（高级）,6 周,"热度 1,196",英语,3月3日,,物理
13678,足球：不仅仅是一场比赛,,爱丁堡大学,简单（初级）,6 周,热度 764,英语,1月14日,,其他
16229,网络科学：网络如何改变世界,,英国南安普顿大学,简单（初级）,2 周,热度 841,英语,,,互联网
5057,社交媒体分析：用数据来理解公众对话,,昆士兰科技大学,简单（初级）,3 周,"热度 1,338",英语,,,社会
9058,面向Web开发者的3D图形应用,,西班牙庞培法布拉大学,普通（中级）,5 周,"热度 1,237",英语,,,计算机
17616,智慧城市,,英国开放大学,简单（初级）,6 周,"热度 1,419",英语,3月4日,,建筑
14018,大数据：数据可视化,,昆士兰科技大学,简单（初级）,3 周,"热度 2,192",英语,,,计算机
16566,探索动画,,英国国家电影电视学院,简单（初级）,4 周,"热度 1,068",英语,3月3日,,艺术
6219,大学英语过程写作,,吉林大学,简单（初级）,16 周,"热度 2,617","中文, 英语",1月1日,,语言
10778,线性代数与空间解析几何,,电子科技大学,简单（初级）,9 周,"热度 2,583",中文,,国家精品,数学与统计
1882,抗菌药与超级细菌——天使与魔鬼的博弈,,复旦大学,简单（初级）,17 个小时,热度 954,中文,,,医学健康
6217,社会学概论,,西安交通大学,简单（初级）,11 周,"热度 1,729",中文,,国家精品,社会
12605,创办企业1：愿景与机遇,,英国利兹大学,简单（初级）,2 周,"热度 1,277",英语,1月7日,,商业管理
1489,世界上最伟大的创新,,英国利兹大学,简单（初级）,2 周,"热度 1,119",英语,1月7日,,其他
18281,数学生物统计学入门 1,,约翰霍普金斯大学,简单（初级）,19 个小时,"热度 1,570",英语,,,数学与统计
13842,英国普通法：结构和原理,,伦敦大学,简单（初级）,9 个小时,"热度 1,200",英语,,,法律
6886,走向伟大：私人企业的理性成长，第一部分,,弗吉尼亚大学,简单（初级）,12 个小时,热度 777,"英语, 西班牙语, 俄语",,,商业管理
1901,高级搜索引擎优化策略,,加州大学戴维斯分校,普通（中级）,14 个小时,"热度 4,051",英语,,,计算机
12650,Windows可视化程序设计,,西安交通大学,简单（初级）,14 个小时,"热度 1,908",中文,,,计算机
4743,学习的领导者,,哈佛大学,简单（初级）,6 周,"热度 2,153",英语,3月3日,,商业管理
7705,犯罪，司法与社会,,英国谢菲尔德大学,简单（初级）,8 周,"热度 1,319",英语,,,社会
172,创业4：融资和盈利能力,,宾夕法尼亚大学,简单（初级）,8 个小时,"热度 1,330",英语,,,商业管理
5854,利用Excel做数据的分析与可视化,,微软,普通（中级）,6 周,"热度 3,895",英语,1月1日,,计算机
1283,工作英语：求职面试,,香港理工大学,简单（初级）,4 周,"热度 2,859",英语,,,语言
14697,数字多媒体的版权,,杜克大学,简单（初级）,10 个小时,"热度 1,305",英语,,,法律
12231,估值原则：风险和收益,,密歇根大学,普通（中级）,23 个小时,"热度 1,667",英语,,,金融
4151,Web应用程序开发：基本概念,,新墨西哥大学,简单（初级）,23 个小时,"热度 1,275",英语,,,计算机
6748,数据分析：建立自己的商业 Dashboard,,荷兰代尔夫特理工大学,普通（中级）,6 周,"热度 1,560",英语,,,商业管理
15545,SQL Server数据库技术,,西安交通大学,简单（初级）,16 个小时,"热度 3,246",中文,,,计算机
6388,拍摄：像剪辑师一样拍摄,,复旦大学,简单（初级）,13 个小时,"热度 3,038",中文,,,艺术
14506,音乐合奏排练基础,,北卡罗莱纳大学教堂山分校,简单（初级）,21 个小时,热度 780,英语,,,艺术
9098,音频和音乐工程基础：第1部分 音乐声音和电子学,,罗彻斯特大学,普通（中级）,27 个小时,热度 936,英语,,,艺术
3836,供应链技术与系统,,麻省理工学院,难（高级）,13 周,"热度 1,027",英语,,,商业管理
17513,云基础构架技术入门,,Linux 基金会,简单（初级）,14 周,热度 888,英语,,,计算机
13986,新闻英语 1,,加州大学伯克利分校,普通（中级）,5 周,"热度 1,270",英语,3月3日,,语言
11002,太阳能,,荷兰代尔夫特理工大学,简单（初级）,8 周,热度 753,英语,,,电子
12382,经济伦理学原理,,对外经济贸易大学,简单（初级）,8 周,"热度 1,564","中文, 英语",,,经济
14729,如何撰写商业计划书,,对外经济贸易大学,简单（初级）,8 周,"热度 2,045","中文, 英语",,,商业管理
10243,电影的商业,,英国开放大学,普通（中级）,6 周,热度 818,英语,6月3日,,商业管理
1624,商务创业英语,,宾夕法尼亚大学,简单（初级）,24 个小时,"热度 1,690",英语,,,语言
8074,金融工程与风险管理，第 2 部分,,哥伦比亚大学,难（高级）,25 个小时,"热度 1,313",英语,,,金融
13769,大数据：数学建模,,昆士兰科技大学,简单（初级）,3 周,"热度 2,474",英语,3月3日,,计算机
6260,透过摄影看世界,,现代艺术博物馆,简单（初级）,14 个小时,"热度 2,575","中文, 英语, 法语, 西班牙语, 意大利语, 俄语",,,艺术
4769,音乐生物学：我们喜欢听什么和为什么,,杜克大学,简单（初级）,14 个小时,"热度 1,148","英语, 西班牙语",,,生物
9857,弦乐四重奏的世界,,柯蒂斯音乐学院,普通（中级）,19 个小时,热度 788,"英语, 法语",,,艺术
15335,现代艺术与创意,,现代艺术博物馆,简单（初级）,11 个小时,"热度 1,367","英语, 意大利语, 德语, 俄语",,,艺术
17882,品读道家智慧,,西安交通大学,普通（中级）,14 周,"热度 2,088",中文,,国家精品,哲学
9130,汽车行走的艺术,,吉林大学,简单（初级）,14 周,"热度 1,622",中文,,国家精品,工程
17537,电路分析基础,,电子科技大学,普通（中级）,12 周,"热度 2,752",中文,,国家精品,电子
16701,理论力学,,西南交通大学,普通（中级）,18 周,"热度 1,889",中文,,国家精品,物理
8899,浅论电子学,,台湾交通大学,简单（初级）,13 周,"热度 1,050",中文,,,电子
13159,计算机操作系统（中国大学MOOC版）,,南京大学,普通（中级）,17 周,"热度 3,875",中文,,国家精品,计算机
3021,数据库系统概论（基础篇）,,中国人民大学,普通（中级）,17 周,"热度 2,161",中文,,,计算机
10729,数据库系统（下）：管理与技术,,哈尔滨工业大学,普通（中级）,22 周,热度 671,中文,,,计算机
15781,数据库系统（中）：建模与设计,,哈尔滨工业大学,普通（中级）,22 周,热度 801,中文,,,计算机
1280,数据库系统（上）：模型与语言,,哈尔滨工业大学,普通（中级）,22 周,"热度 1,713",中文,,,计算机
345,面向对象程序设计 — Java语言,,浙江大学,普通（中级）,10 周,"热度 5,264",中文,,,计算机
18098,零基础学Java语言,,浙江大学,简单（初级）,16 周,"热度 6,490",中文,,,计算机
5357,《说文解字》与上古社会,,武汉大学,普通（中级）,17 周,"热度 1,964",中文,,国家精品,历史
3148,国际软件开发,,微软,普通（中级）,12 周,热度 342,英语,1月1日,,计算机
7925,好莱坞：历史，工业，艺术,,宾夕法尼亚大学,简单（初级）,4 周,热度 900,英语,,,艺术
13905,利用电影教识字,,英国电影协会,简单（初级）,4 周,热度 841,英语,,,教育
15737,数学难题：密码，符号和暗号,,以色列魏茨曼科技学院,简单（初级）,3 周,热度 820,英语,,,数学与统计
3801,Java编程：构建推荐引擎,,杜克大学,普通（中级）,8 个小时,"热度 1,425",英语,,,计算机
1290,创新思维,,复旦大学,简单（初级）,10 个小时,热度 967,中文,,,其他
4236,企业家：打造创新型企业,,马里兰大学帕克分校,简单（初级）,3 个月,"热度 1,369","中文, 英语, 西班牙语, 葡萄牙语",,专项课程,商业管理
8927,大规模数据科学,,华盛顿大学,普通（中级）,3 个月,"热度 1,801","英语, 韩语",,专项课程,计算机
16560,系统生物学与生物技术,,美国西奈山伊坎医学院,普通（中级）,7 个月,"热度 1,630","中文, 英语",1月7日,专项课程,生物
18113,ELL（英语语言学习者）的课堂教学：授课教师的工具箱系列,,亚利桑那州立大学,普通（中级）,3 个月,"热度 3,126",英语,,专项课程,语言
19352,统计数据的采集和分析,,"密歇根大学, 马里兰大学帕克分校",简单（初级）,6 个月,"热度 2,582",英语,,专项课程,计算机
421,地理信息系统（GIS）,,加州大学戴维斯分校,简单（初级）,6 个月,"热度 2,770",英语,,专项课程,计算机
11980,数据分析和解读,,卫斯连大学,简单（初级）,7 个月,"热度 2,508","英语, 韩语, 德语",,专项课程,计算机
8775,为商业智能搭建数据仓库,,科罗拉多大学系统,难（高级）,6 个月,"热度 1,575","中文, 英语, 韩语",,专项课程,计算机
14659,商业战略分析,,ESSEC商学院,难（高级）,3 个月,"热度 1,950",英语,,专项课程,商业管理
13619,如何创业,,密歇根州立大学,简单（初级）,8 个月,"热度 1,810",英语,,专项课程,商业管理
1857,创业,,以色列理工学院,简单（初级）,7 个月,"热度 2,230","中文, 英语, 其他",,专项课程,商业管理
3212,会计基础,,伊利诺伊大学香槟分校,简单（初级）,8 个月,"热度 6,093",英语,,专项课程,金融
10891,职场智商：工作中预防和解决问题,,伊利诺伊大学香槟分校,简单（初级）,6 个月,"热度 1,579",英语,,专项课程,商业管理
8953,经营策略,,弗吉尼亚大学,简单（初级）,7 个月,"热度 1,462","中文, 英语, 韩语, 西班牙语, 葡萄牙语, 其他",,专项课程,商业管理
7100,英语面试与简历撰写,,马里兰大学帕克分校,普通（中级）,9 个月,"热度 2,443","英语, 其他",,专项课程,语言
8517,商务基础 (中文版),,宾夕法尼亚大学,简单（初级）,4 个月,"热度 2,832","中文, 英语, 西班牙语, 其他",,专项课程,商业管理
8372,国际营销与跨行业增长,,韩国延世大学,简单（初级）,2 个月,"热度 1,250","中文, 英语, 韩语, 西班牙语",,专项课程,商业管理
6261,营销组合实践,,IE商学院,简单（初级）,3 个月,"热度 1,448","中文, 英语, 韩语, 西班牙语, 其他",,专项课程,商业管理
12132,专业人员所需的内容策略,,美国西北大学,简单（初级）,4 个月,"热度 1,287",英语,,专项课程,商业管理
15207,社交媒体营销,,美国西北大学,简单（初级）,5 个月,"热度 2,355","英语, 西班牙语, 其他",,专项课程,商业管理
8513,改善非营利组织的领导力和治理,,纽约州立大学,简单（初级）,6 个月,"热度 1,184",英语,,专项课程,商业管理
11367,管理基础,,西班牙IESE商学院,简单（初级）,6 个月,"热度 1,591","英语, 其他",,专项课程,商业管理
8552,酒店管理：分销、营收和需求管理,,法国ESSEC商学院,简单（初级）,4 个月,"热度 1,370",英语,,专项课程,商业管理
18029,组织领导,,美国西北大学,普通（中级）,6 个月,"热度 1,258","英语, 日语, 德语, 葡萄牙语, 其他",,专项课程,商业管理
4573,战略领导和管理,,伊利诺伊大学香槟分校,简单（初级）,8 个月,"热度 1,690","英语, 韩语",1月2日,专项课程,商业管理
14210,人力资源管理：人事经理,,明尼苏达大学,简单（初级）,5 个月,"热度 2,449","英语, 韩语, 意大利语, 其他",,专项课程,商业管理
12501,激励领导力,,凯斯西储大学,普通（中级）,8 个月,"热度 1,437","中文, 英语, 法语, 西班牙语, 德语, 葡萄牙语, 其他",,专项课程,商业管理
603,战略管理与创新,,哥本哈根商学院,简单（初级）,5 个月,"热度 1,434","英语, 葡萄牙语, 其他",,专项课程,商业管理
3300,领导员工和团队,,密歇根大学,简单（初级）,5 个月,"热度 1,324","中文, 英语, 俄语, 其他",,专项课程,商业管理
3536,项目管理原则和实践入门,,加州大学尔湾分校,简单（初级）,2 个月,"热度 3,056","英语, 其他",,专项课程,商业管理
10983,人人金融,,麦克马斯特大学,简单（初级）,6 个月,"热度 1,826",英语,,专项课程,金融
5048,管理经济学和商业分析,,伊利诺伊大学香槟分校,简单（初级）,8 个月,"热度 2,573","英语, 其他",,专项课程,经济
6184,投资管理,,日内瓦大学,简单（初级）,4 个月,"热度 1,864",英语,,专项课程,金融
4929,Ruby on Rails 的 Web 开发,,约翰霍普金斯大学,简单（初级）,10 个月,"热度 1,486","英语, 韩语",,专项课程,计算机
532,游戏设计与开发,,密歇根州立大学,普通（中级）,6 个月,"热度 4,320",英语,,专项课程,计算机
11417,网络安全,,马里兰大学帕克分校,普通（中级）,5 个月,"热度 3,059","英语, 韩语",,专项课程,互联网
9773,响应式网站开发和设计,,伦敦大学,简单（初级）,7 个月,"热度 2,179","英语, 其他",,专项课程,计算机
15902,敏捷开发,,弗吉尼亚大学,简单（初级）,6 个月,"热度 1,782","英语, 其他",,专项课程,计算机
6454,软件产品经理,,加拿大阿尔伯塔大学,简单（初级）,4 个月,"热度 2,184","英语, 韩语",,专项课程,计算机
6886,数据挖掘,,伊利诺伊大学香槟分校,普通（中级）,6 个月,"热度 2,712","英语, 韩语",,专项课程,计算机
5431,网络游戏设计与开发,,复旦大学,简单（初级）,11 个月,"热度 4,621",中文,,专项课程,艺术
7947,医疗市场,,明尼苏达大学,简单（初级）,7 个月,"热度 1,467",英语,,专项课程,商业管理
2160,金融概论：估值和投资,,密歇根大学,普通（中级）,4 个月,"热度 2,408","英语, 韩语",,专项课程,金融
7459,职业成就,,加州大学尔湾分校,简单（初级）,3 个月,"热度 1,266","中文, 英语, 日语, 西班牙语, 意大利语, 德语, 葡萄牙语, 俄语, 其他",,专项课程,商业管理
5209,职场修炼：学习、创新、协作与自我实现,,中国科技大学,简单（初级）,5 个月,"热度 2,277",中文,,专项课程,其他
16738,职业生涯品牌管理,,纽约州立大学,简单（初级）,6 个月,"热度 1,438","中文, 英语, 其他",,专项课程,商业管理
19074,鼓舞人心的领导：领导意识,,巴黎高等商学院,简单（初级）,5 个月,"热度 1,671","英语, 法语, 其他",,专项课程,商业管理
6487,网络教师,,加州大学尔湾分校,简单（初级）,5 个月,"热度 1,729","英语, 意大利语",,专项课程,教育
18735,经理的培训技巧,,加州大学戴维斯分校,普通（中级）,3 个月,"热度 1,346","英语, 其他",,专项课程,商业管理
14805,公司财务概要,,墨尔本大学,普通（中级）,6 个月,"热度 1,972","英语, 韩语",,专项课程,金融
15119,程序设计与算法,,北京大学,简单（初级）,8 个月,"热度 5,684",中文,,专项课程,计算机
5303,零基础 Web 设计（Web 开发和编程基础）,,密歇根大学,简单（初级）,3 个月,"热度 4,632",英语,,专项课程,计算机
9501,面向创意企业的 iOS 开发,,加州大学尔湾分校,简单（初级）,9 个月,"热度 1,636",英语,,专项课程,计算机
15516,使用 Swift 进行 iOS App 开发,,多伦多大学,普通（中级）,6 个月,"热度 2,020","中文, 英语, 韩语",,专项课程,计算机
9671,学术英语：写作,,加州大学尔湾分校,简单（初级）,3 个月,"热度 4,539","中文, 英语, 西班牙语, 其他",,专项课程,语言
872,电力电子,,科罗拉多大学波德分校,普通（中级）,12 个月,"热度 3,170",英语,,专项课程,电子
1204,CAD/BIM 技术与应用,,国立台湾大学,简单（初级）,15 个月,"热度 3,292",中文,,专项课程,计算机
1437,物联网（IoT）程序设计入门,,加州大学尔湾分校,简单（初级）,2 个月,"热度 2,626","英语, 其他",,专项课程,计算机
13261,物联网,,加州大学圣地亚哥分校  美国高通,普通（中级）,6 个月,"热度 2,401","英语, 韩语",,专项课程,互联网
18095,数据科学主管,,约翰霍普金斯大学,简单（初级）,1 个月,"热度 1,182","中文, 英语, 日语, 西班牙语, 俄语, 其他",,专项课程,计算机
4831,搜索引擎优化（SEO）,,加州大学戴维斯分校,简单（初级）,4 个月,"热度 5,695","英语, 其他",,专项课程,互联网
12874,社会科学的方法和统计,,阿姆斯特丹大学,简单（初级）,9 个月,"热度 1,905","中文, 英语, 其他",,专项课程,社会
4198,机器人,,宾夕法尼亚大学,简单（初级）,7 个月,"热度 2,916","中文, 英语, 西班牙语",,专项课程,电子
5167,商务英语沟通技巧,,华盛顿大学,普通（中级）,7 个月,"热度 4,686","中文, 英语, 俄语, 其他",,专项课程,语言
15935,面向非母语人士的商务英语,,香港科技大学,简单（初级）,11 个月,"热度 6,073",英语,,专项课程,语言
5606,音乐制作,,伯克利音乐学院,简单（初级）,7 个月,"热度 2,424","中文, 英语, 西班牙语, 葡萄牙语",,专项课程,艺术
13961,创业能力：把你的想法变成有形企业,,宾夕法尼亚大学,简单（初级）,2 个月,"热度 4,247","英语, 其他",,专项课程,商业管理
17355,数字化营销,,伊利诺伊大学香槟分校,简单（初级）,6 个月,"热度 1,944","中文, 英语, 西班牙语, 葡萄牙语, 其他",1月9日,专项课程,商业管理
3873,创意写作,,卫斯连大学,简单（初级）,14 个月,"热度 4,609","英语, 法语, 西班牙语",,专项课程,文学
16198,计算基础,,莱斯大学,简单（初级）,8 个月,"热度 2,633","中文, 英语, 韩语, 西班牙语, 意大利语, 葡萄牙语, 其他",,专项课程,计算机
10990,Java编程和软件工程基础,,杜克大学,简单（初级）,4 个月,"热度 5,274","英语, 韩语, 其他",,专项课程,计算机
2536,用 R 语言进行统计,,杜克大学,简单（初级）,8 个月,"热度 2,267","英语, 韩语",,专项课程,计算机
14729,商业与金融建模,,宾夕法尼亚大学,简单（初级）,2 个月,"热度 1,720","英语, 葡萄牙语, 俄语",,专项课程,商业管理
7683,全栈Web和多平台移动应用程序开发,,香港科技大学,普通（中级）,7 个月,"热度 3,402",英语,,专项课程,计算机
13090,数据结构与算法,,加州大学圣迭戈分校,普通（中级）,6 个月,"热度 3,179","英语, 西班牙语",,专项课程,计算机
17319,商业分析,,宾夕法尼亚大学,简单（初级）,3 个月,"热度 2,207","中文, 英语, 西班牙语, 其他",,专项课程,商业管理
3393,商务基础,,宾夕法尼亚大学,简单（初级）,6 个月,"热度 2,128","中文, 英语, 日语, 韩语, 葡萄牙语, 其他",,专项课程,商业管理
3379,机器学习,,华盛顿大学,普通（中级）,6 个月,"热度 5,324","中文, 英语, 韩语, 其他",,专项课程,计算机
15099,零基础 Python 入门,,密歇根大学,简单（初级）,3 个月,"热度 17,754","中文, 英语, 德语, 其他",,专项课程,计算机
16147,数据科学,,约翰霍普金斯大学,简单（初级）,8 个月,"热度 1,599","中文, 英语, 法语, 日语, 意大利语, 葡萄牙语, 俄语, 其他",,专项课程,计算机
11643,如何成为记者：报道新闻！,,密歇根州立大学,简单（初级）,7 个月,"热度 1,820","英语, 其他",,专项课程,其他
971,基因组数据科学,,约翰霍普金斯大学,普通（中级）,7 个月,"热度 1,718",英语,,专项课程,生物
12648,游戏设计：艺术和概念,,加州艺术学院,简单（初级）,8 个月,"热度 1,896","中文, 英语, 俄语",,专项课程,艺术
5379,地球的未来,,美国自然历史博物馆,简单（初级）,8 个小时,热度 721,英语,,,环境与地球
10924,.Net平台下的软件开发技术,,西安交通大学,简单（初级）,8 个月,"热度 2,741",中文,,专项课程,计算机
1201,流行心理学,,北卡罗来纳州大学教堂山分校,简单（初级）,11 个小时,"热度 2,377",英语,,,心理
13026,Python用于基因组数据科学,,约翰霍普金斯大学,普通（中级）,12 个小时,"热度 1,400",英语,,,计算机
19545,现代与后现代 2,,卫斯连大学,普通（中级）,21 个小时,热度 666,"英语, 西班牙语",,,哲学
17622,古典哲学：亚里士多德和他的继任者们,,宾夕法尼亚大学,简单（初级）,15 个小时,热度 647,英语,,,哲学
6621,古典哲学：柏拉图和他的前辈们,,宾夕法尼亚大学,简单（初级）,14 个小时,热度 709,"英语, 西班牙语",,,哲学
1680,排印技术入门,,加州艺术学院,简单（初级）,8 个小时,热度 799,英语,,,艺术
1761,平面设计,,加州艺术学院,简单（初级）,6 个月,"热度 6,525","英语, 其他",,专项课程,艺术
12564,物联网：多媒体技术,,加州大学圣地亚哥分校,简单（初级）,5 个小时,热度 971,英语,,,互联网
14467,生物信息学: 导论与方法,,北京大学,简单（初级）,31 个小时,"热度 1,819",中文,,,生物
14296,大学生职业素养提升,,北京大学,简单（初级）,6 周,"热度 1,712",中文,,,其他
12409,数据结构与算法(上),,北京大学,简单（初级）,6 周,"热度 2,802",中文,,,计算机
17655,刑法学总论（华文慕课版）,,北京大学,普通（中级）,6 周,"热度 2,540",中文,,,法律
12847,英语演讲与演示,,北京大学,简单（初级）,19 个小时,"热度 2,631","中文, 英语",,,语言
3362,英语教学与互联网,,爱课程,难（高级）,7 周,"热度 2,504",中文,,,语言
13467,管理沟通：思维与技能,,哈尔滨工业大学,简单（初级）,18 周,"热度 1,911",中文,,国家精品,商业管理
18370,微课设计与制作,,爱课程,普通（中级）,10 周,"热度 2,481",中文,,,教育
8778,比较文学,,华中师范大学,普通（中级）,16 周,"热度 1,167",中文,,国家精品,文学
9157,国际交流英语,,哈尔滨工业大学,简单（初级）,17 周,"热度 2,503",中文,,国家精品,语言
1615,中国传统艺术：篆刻、书法、水墨画体验与欣赏,,哈尔滨工业大学,简单（初级）,17 周,"热度 1,351",中文,,国家精品,艺术
7007,身边的营养学,,北京大学,简单（初级）,6 周,"热度 1,425",中文,,,其他
869,民俗学,,北京大学,简单（初级）,12 周,"热度 1,336",中文,,,社会
1642,化学与社会,,北京大学,简单（初级）,6 周,热度 954,中文,,,社会
2129,国际刑法学,,北京大学,简单（初级）,6 周,热度 921,中文,,,法律
19339,魅力机器人,,北京大学,简单（初级）,6 周,热度 966,中文,,,工程
19222,人群与网络 (华文慕课版）,,北京大学,简单（初级）,6 周,"热度 1,579",中文,,,社会
2609,社会调查与研究方法（下）,,北京大学,简单（初级）,6 周,"热度 1,256",中文,,,社会
19325,机器学习工程师,,优达学城,普通（中级）,26 周,"热度 2,134","中文, 英语",,纳米学位,计算机
10297,用 Swift 进行 iOS 应用开发入门,,优达学城,普通（中级）,1 个月,"热度 1,487","中文, 英语",,,计算机
14701,中华名相之管仲管理思想,,西南交通大学,普通（中级）,17 周,"热度 1,045",中文,,国家精品,哲学
10526,世界优秀课程赏析,,中国海洋大学,简单（初级）,10 周,"热度 2,304",中文,,国家精品,艺术
1257,编剧：像导演一样编剧,,复旦大学,简单（初级）,13 个小时,"热度 1,881",中文,,,艺术
8344,平面设计史,,加州艺术学院,简单（初级）,14 个小时,热度 879,"英语, 其他",,,艺术
17970,莎士比亚的文学和戏剧：爱情悲剧,,美国威尔斯利学院,简单（初级）,4 周,热度 683,英语,4月4日,,文学
8321,莎士比亚的文学和戏剧：年轻的爱,,美国威尔斯利学院,简单（初级）,3 周,热度 519,英语,4月4日,,文学
17342,个人理财规划,,普渡大学,简单（初级）,5 周,"热度 1,229",英语,,,金融
8179,Android 应用程序开发,,范德堡大学,简单（初级）,4 个月,"热度 3,787",英语,,专项课程,计算机
4285,面向 C 程序员的 C++ ，A 部分,,加州大学圣克鲁兹分校,普通（中级）,18 个小时,"热度 2,231",英语,,,计算机
11070,食物营养与食品安全,,中南大学,简单（初级）,13 周,"热度 1,127",中文,,国家精品,其他
8806,生活、艺术与时尚：中国服饰七千年,,清华大学,简单（初级）,12 周,"热度 2,238",中文,4月4日,,艺术
10113,物联网开发者指南,,IBM,普通（中级）,30 个小时,热度 455,"英语, 日语, 德语",,,计算机
8317,艺术导论,,西安交通大学,简单（初级）,10 周,热度 735,中文,,,艺术
17825,材料力学一,,国立台湾大学,简单（初级）,22 个小时,"热度 1,800",中文,,,物理
11402,职业英语：求职申请,,香港理工大学,简单（初级）,5 周,热度 762,英语,,,语言
10046,界面设计导论,,清华大学,普通（中级）,12 周,"热度 1,772",中文,,,艺术
6514,基于Unity引擎的游戏开发基础,,复旦大学,简单（初级）,29 个小时,"热度 2,317",中文,,,计算机
12784,韩语入门,,韩国延世大学,简单（初级）,12 个小时,"热度 3,889","中文, 英语, 法语, 韩语, 西班牙语, 其他",,,语言
19644,高效商务英语口语,,香港科技大学,简单（初级）,28 个小时,"热度 2,345",英语,,,语言
19142,c#高级编程,,西安交通大学,普通（中级）,23 个小时,"热度 2,031",中文,,,计算机
9295,商务英语：规划及谈判,,华盛顿大学,普通（中级）,24 个小时,"热度 1,020","英语, 其他",,,语言
3148,"Android 应用组件 – Intents, Activities, and Broadcast Receivers",,范德堡大学,简单（初级）,13 个小时,热度 775,英语,,,计算机
18160,理解记忆：解读电影中的记忆心理学,,卫斯连大学,简单（初级）,10 个小时,"热度 1,421","中文, 英语, 韩语, 西班牙语, 其他",,,心理
17712,Pro Tools 基础,,伯克利音乐学院,简单（初级）,13 个小时,热度 600,英语,,,艺术
8458,意大利语入门,,意大利锡耶那外国人大学,简单（初级）,6 周,"热度 1,053",意大利语,1月7日,,语言
5553,社会规范，社会变迁,,宾夕法尼亚大学,简单（初级）,13 个小时,热度 601,"英语, 其他",,,哲学
7665,当代日本建筑的四个方面：理论,,东京大学,普通（中级）,5 周,"热度 1,174","英语, 日语",3月3日,,建筑
18502,微电影创作：从观念、思维到制作,,复旦大学,简单（初级）,8 个月,"热度 4,461",中文,,专项课程,艺术
1873,摄影基础与提高：从智能手机到数码单反相机,,密歇根州立大学,简单（初级）,7 个月,"热度 9,525",英语,,专项课程,艺术
3920,产品运营,,网易杭州研究院,普通（中级）,4 个月,"热度 3,449",中文,1月25日,微专业,商业管理
10059,测试工程师,,网易杭州研究院,普通（中级）,4 个月,"热度 2,466",中文,1月23日,微专业,计算机
10510,网站SEO,,加州大学戴维斯分校,普通（中级）,14 个小时,"热度 3,482",英语,,,互联网
4382,搜索引擎优化基础,,加州大学戴维斯分校,简单（初级）,13 个小时,"热度 2,273","英语, 其他",,,互联网
12070,运营管理：数字时代的战略和质量管理,,伊利诺伊大学香槟分校,普通（中级）,16 个小时,热度 608,英语,,,商业管理
8470,搜索引擎优化概论,,加州大学戴维斯分校,简单（初级）,9 个小时,"热度 2,177","英语, 其他",,,互联网
4385,未来城市,,苏黎世联邦理工学院,简单（初级）,10 周,热度 756,英语,,,建筑
10545,奇异的仿生学,,吉林大学,简单（初级）,16 周,"热度 1,526",中文,,,工程
9434,行为经济学实验,,多伦多大学,简单（初级）,6 周,"热度 2,078",英语,,,经济
11447,载人航天概论,,瑞典皇家理工学院,简单（初级）,5 周,热度 332,英语,3月3日,,工程
809,数据分析：可视化和Dashboard设计,,荷兰代尔夫特理工大学,普通（中级）,6 周,热度 511,英语,,,计算机
11712,什么是心灵？,,南非开普敦大学,简单（初级）,6 周,热度 573,英语,4月4日,,哲学
4227,托福® 备考：专家指南,,美国教育考试服务中心,简单（初级）,6 周,"热度 1,438",英语,,,语言
3240,探索英语：莎士比亚,,英国文化教育协会,普通（中级）,6 周,热度 960,英语,3月3日,,语言
8462,安徒生的童话故事,,南丹麦大学安徒生中心,简单（初级）,6 周,热度 617,英语,3月3日,,文学
4478,21世纪的癌症：基因革命,,英国格拉斯哥大学,简单（初级）,6 周,热度 436,英语,1月7日,,医学健康
3037,学会使用数学语言,,英国拉夫堡大学,简单（初级）,3 周,热度 549,英语,,,数学与统计
6226,面向数据科学和分析的机器学习,,哥伦比亚大学,简单（初级）,5 周,热度 417,英语,,,计算机
18751,音乐大爆炸：摇滚乐的起源,,佛罗里达大学,简单（初级）,12 个小时,热度 631,英语,,,艺术
19028,高级语言程序设计,,吉林大学,简单（初级）,15 周,热度 520,中文,,,计算机
10817,当代青年心理学(二)青年身心发展篇,,西南交通大学,简单（初级）,6 周,"热度 1,340",中文,,国家精品,心理
10896,用Python玩转数据,,南京大学,简单（初级）,10 周,"热度 3,812",中文,,国家精品,计算机
16923,沟通心理学,,哈尔滨工业大学,简单（初级）,15 周,"热度 3,484",中文,,国家精品,心理
11747,美国文化,,南京大学,简单（初级）,17 周,"热度 1,303",中文,,国家精品,社会
11092,JavaScript的交互性,,密歇根大学,简单（初级）,12 个小时,"热度 1,367",英语,,,计算机
11649,依据基本原理构建现代计算机：从与非门到俄罗斯方块,,希伯来大学,普通（中级）,18 个小时,热度 851,英语,,,计算机
6038,机器人技术：无人机,,宾夕法尼亚大学,简单（初级）,25 个小时,"热度 1,103",英语,,,工程
11202,金融工程导论,,清华大学,难（高级）,14 周,"热度 2,062",中文,,,金融
16271,移动机器人的控制,,乔治亚理工学院,难（高级）,21 个小时,热度 578,英语,,,工程
6606,数字化营销，社交媒体和电子商务之基础,,宾夕法尼亚大学,普通（中级）,6 周,热度 851,英语,1月7日,,商业管理
14856,英语学术商务写作,,加州大学伯克利分校,简单（初级）,6 周,热度 545,英语,,,语言
11553,性别鉴定画布：艺术与两性,,墨尔本大学,简单（初级）,14 个小时,"热度 2,235","英语, 法语, 西班牙语, 其他",,,艺术
1347,高级人力资源专员,,HRBar,简单（初级）,6 周,"热度 2,223",中文,,微专业,商业管理
11926,产品经理,,网易 & Boolan博览网,普通（中级）,3 个月,"热度 2,400",中文,,微专业,计算机
7136,财税会计师,,汉唐教育集团乐上财税,普通（中级）,3 个月,"热度 2,547",中文,,微专业,金融
10358,会计主管,,婧平学院,普通（中级）,2 个月,"热度 1,980",中文,,微专业,金融
9353,C++ 开发工程师,,网易&Boolan,简单（初级）,3 个月,"热度 4,794",中文,,微专业,计算机
8886,独立音乐制作人,,音频帮,简单（初级）,3 个月,"热度 4,567",中文,,微专业,艺术
19085,自由职业摄影师,,咔图摄影教育中心,简单（初级）,22 周,"热度 10,480",中文,,微专业,艺术
15724,MySQL数据库工程师,,网易杭州研究院,难（高级）,4 个月,"热度 3,031",中文,,微专业,计算机
17089,IT项目经理,,IT互联网经理人培训机构光环国际,简单（初级）,2 个月,"热度 1,745",中文,,微专业,商业管理
4339,大数据工程师（升级版）,,Wiley教育集团,难（高级）,3 个月,"热度 2,351",中文,,微专业,计算机
13098,iOS开发工程师,,网易,难（高级）,5 个月,"热度 2,926",中文,,微专业,计算机
5066,Android开发工程师,,网易,难（高级）,5 个月,"热度 7,008",中文,,微专业,计算机
16193,Java 开发工程师（Web方向）,,浙江大学 & 网易,难（高级）,6 个月,"热度 7,686",中文,1月23日,微专业,计算机
13245,前端开发工程师,,网易,简单（初级）,5 个月,"热度 12,237",中文,,"经典课程,微专业",计算机
18344,产品经理,,网易,普通（中级）,2 个月,"热度 4,618",中文,,"经典课程,微专业",商业管理
15430,交互设计师,,浙江大学 & 网易,简单（初级）,4 个月,"热度 3,702",中文,1月23日,微专业,计算机
16582,UI设计师,,浙江大学 & 网易,简单（初级）,4 个月,"热度 7,780",中文,,"经典课程,微专业",计算机
13744,高级转换器控制技术,,科罗拉多大学波德分校,普通（中级）,31 个小时,热度 576,英语,,,电子
9776,图形设计基础,,加州艺术学院,简单（初级）,14 个小时,"热度 1,383",英语,,,艺术
19027,图像制作概论,,加州艺术学院,简单（初级）,11 个小时,热度 677,英语,,,艺术
6462,微观经济学：市场的力量,,宾夕法尼亚大学,普通（中级）,14 个小时,"热度 1,271","英语, 其他",,,经济
1983,微观经济学：当市场失灵时,,宾夕法尼亚大学,普通（中级）,12 个小时,热度 708,"英语, 其他",,,经济
10847,西方文学经典鉴赏,,北京师范大学,简单（初级）,19 周,"热度 1,607",中文,,国家精品,文学
6565,体育与社会,,杜克大学,简单（初级）,12 个小时,热度 566,英语,,,社会
18045,理解语言：教与学,,英国南安普顿大学,普通（中级）,4 周,热度 676,英语,4月4日,,语言
9832,佛教文化,,武汉大学,简单（初级）,16 周,"热度 1,318",中文,,国家精品,宗教
17333,生物印刷：3D打印身体器官,,澳大利亚伍伦贡大学,简单（初级）,4 周,热度 560,英语,1月28日,,计算机
11450,中级财务会计（一）,,哈尔滨工业大学,普通（中级）,18 周,"热度 2,385",中文,,,金融
4844,宇宙新概念,,武汉大学,简单（初级）,15 周,热度 716,中文,1月22日,国家精品,物理
14094,传感器技术,,武汉大学,难（高级）,12 周,"热度 1,338",中文,,国家精品,电子
7048,陶瓷工艺学,,福州大学,简单（初级）,14 周,热度 505,中文,,国家精品,工程
19093,大观与微观：红楼梦1-40回,,台湾清华大学,简单（初级）,7 周,"热度 1,769",中文,,,文学
19054,感觉与知觉,,国立清华大学,简单（初级）,7 周,热度 593,中文,,,生物
15473,营养学,,武汉大学,简单（初级）,12 周,"热度 2,101",中文,,国家精品,医学健康
6012,管理心理学（下）,,电子科技大学,普通（中级）,8 周,热度 747,中文,,国家精品,心理
9100,管理心理学（上）,,电子科技大学,普通（中级）,8 周,"热度 1,319",中文,,国家精品,心理
11020,大历史：连接知识,,澳大利亚麦考瑞大学,简单（初级）,16 个小时,热度 577,"英语, 其他",,,历史
10189,编剧概论,,东英吉利大学,简单（初级）,2 周,"热度 1,059",英语,2月11日,,艺术
275,员工管理,,密歇根大学,简单（初级）,16 个小时,热度 403,"英语, 其他",,,商业管理
19172,全球资本市场的作用,,墨尔本大学,普通（中级）,13 个小时,热度 383,英语,,,金融
8948,社会化商业,,美国西北大学,简单（初级）,5 个小时,热度 451,英语,,,社会
2923,物联网概论,,国立清华大学,简单（初级）,10 周,"热度 2,153",中文,,,计算机
7134,财务管理,,国立清华大学,简单（初级）,9 周,"热度 2,607",中文,,,金融
8674,数据结构,,国立清华大学,难（高级）,9 周,"热度 1,285",中文,,,计算机
17748,如何写好科研论文,,清华大学,简单（初级）,13 周,"热度 2,284",中文,,,语言
9661,市场营销概论,,宾夕法尼亚大学,简单（初级）,13 个小时,"热度 1,179","中文, 英语, 日语, 其他",,,商业管理
18021,利用Web技术进行多平台移动应用开发：Ionic和Cordova,,香港科技大学,普通（中级）,26 个小时,热度 896,英语,,,计算机
3238,人力资源分析,,宾夕法尼亚大学,简单（初级）,10 个小时,"热度 1,495","中文, 英语",,,商业管理
9858,运营分析,,宾夕法尼亚大学,普通（中级）,12 个小时,热度 699,"中文, 英语",,,商业管理
1963,利用 MySQL 管理大数据,,杜克大学,普通（中级）,18 个小时,"热度 1,325","中文, 英语, 韩语, 俄语",,,计算机
7115,Hadoop平台和应用框架,,加州大学圣地亚哥分校,普通（中级）,20 个小时,热度 926,英语,,,计算机
3159,基于大数据的机器学习,,加州大学圣地亚哥分校,简单（初级）,16 个小时,热度 795,英语,,,计算机
2833,计算机专业导论,,哈尔滨工业大学,简单（初级）,18 周,"热度 1,256",中文,,国家精品,计算机
11815,外贸单证操作,,浙江金融职业学院,普通（中级）,18 周,"热度 1,506",中文,,国家精品,商业管理
15929,人人爱设计（上）,,山东大学,简单（初级）,11 周,"热度 3,053",中文,,国家精品,工程
8001,电子游戏中的世界设计,,加州艺术学院,简单（初级）,11 个小时,热度 770,英语,,,计算机
18023,大数据集成与处理,,加州大学圣地亚哥分校,简单（初级）,19 个小时,"热度 1,199",英语,,,计算机
4703,软件改进的评论和指标,,加拿大阿尔伯塔大学,简单（初级）,8 个小时,热度 375,英语,,,计算机
11743,软件产品的敏捷规划,,加拿大阿尔伯塔大学,简单（初级）,15 个小时,热度 528,英语,,,计算机
19686,客户要求与软件需求,,加拿大阿尔伯塔大学,简单（初级）,14 个小时,热度 316,"英语, 韩语",,,计算机
2766,软件开发过程与敏捷开发实践,,加拿大阿尔伯塔大学,简单（初级）,8 个小时,热度 570,英语,,,计算机
7459,软件产品管理导论,,加拿大阿尔伯塔大学,简单（初级）,5 个小时,热度 653,英语,,,计算机
7692,估值原则：货币的时间价值,,密歇根大学,普通（中级）,24 个小时,热度 513,"英语, 韩语",,,金融
12793,激励团队成员,,密歇根大学,简单（初级）,19 个小时,热度 739,"中文, 英语, 俄语, 其他",,,商业管理
1014,电气化：电子电气工程导论,,英国利物浦大学,简单（初级）,6 周,热度 615,英语,,,电子
556,金融市场与机构,,高等经济学院,普通（中级）,26 个小时,热度 756,"中文, 俄语",,,金融
19511,生活中的数据科学,,约翰霍普金斯大学,简单（初级）,6 个小时,热度 805,英语,,,计算机
12153,数据分析管理,,约翰霍普金斯大学,简单（初级）,7 个小时,热度 987,"英语, 日语",,,计算机
859,构建数据科学团队,,约翰霍普金斯大学,简单（初级）,4 个小时,热度 808,英语,,,计算机
7378,数据科学的速成课,,约翰霍普金斯大学,简单（初级）,4 个小时,热度 919,"中文, 英语, 俄语, 其他",,,计算机
18218,流行病学基础,,北京大学,普通（中级）,17 周,"热度 1,041",中文,,国家精品,医学健康
9214,宝石加工工艺学,,金陵科技学院,简单（初级）,12 周,热度 695,中文,,国家精品,工程
14385,微积分（二）,,哈尔滨工业大学,简单（初级）,17 周,"热度 1,250",中文,,国家精品,数学与统计
15368,中药安全用药导论,,北京中医药大学,简单（初级）,16 周,热度 959,中文,,国家精品,医学健康
12705,针灸学导论,,北京中医药大学,普通（中级）,14 周,"热度 1,177",中文,,,医学健康
12863,聆听的重要性,,美国西北大学,简单（初级）,11 个小时,热度 473,英语,,,社会
14111,什么是社交？,,美国西北大学,简单（初级）,9 个小时,热度 783,"英语, 西班牙语, 其他",,,社会
17965,商业智能的概念、工具与应用,,科罗拉多大学系统,难（高级）,15 个小时,热度 355,"中文, 英语",,,计算机
8162,关系数据库支持的数据仓库,,科罗拉多大学系统,难（高级）,17 个小时,热度 381,英语,,,计算机
3507,数据仓库的概念、设计与数据整合,,科罗拉多大学系统,难（高级）,19 个小时,热度 418,英语,,,计算机
10604,数据库管理精要,,科罗拉多大学系统,普通（中级）,30 个小时,热度 584,"中文, 英语, 韩语",,,计算机
5463,神奇的人类语言：语言学概论,,荷兰莱顿大学,简单（初级）,25 个小时,"热度 1,080","英语, 其他",,,社会
10829,游戏设计原理,,密歇根州立大学,普通（中级）,18 个小时,热度 901,英语,,,计算机
3583,机器学习基础：案例研究方法,,华盛顿大学,普通（中级）,22 个小时,"热度 1,377","中文, 英语, 韩语, 其他",,,计算机
18489,推论统计,,阿姆斯特丹大学,简单（初级）,42 个小时,热度 525,英语,,,社会
3171,统计基础,,阿姆斯特丹大学,简单（初级）,37 个小时,"热度 1,114",英语,,,数学与统计
4158,定性研究方法,,阿姆斯特丹大学,普通（中级）,29 个小时,热度 513,"英语, 其他",,,社会
9142,数据结构和性能,,加州大学圣地亚哥分校,普通（中级）,28 个小时,热度 541,英语,,,计算机
3443,物联网：设置 DragonBoard™ 开发平台,,加州大学圣地亚哥分校,普通（中级）,20 个小时,热度 306,英语,,,计算机
1534,CSS3 入门,,密歇根大学,简单（初级）,18 个小时,热度 631,英语,,,计算机
4549,HTML5 入门,,密歇根大学,简单（初级）,10 个小时,"热度 1,916",英语,,,计算机
19238,客户分析,,宾夕法尼亚大学,简单（初级）,12 个小时,"热度 1,096","中文, 英语, 西班牙语",,,商业管理
12308,高级写作,,加州大学尔湾分校,简单（初级）,15 个小时,热度 770,"中文, 英语, 其他",,,语言
10940,物联网：我们从何而来？,,加州大学圣地亚哥分校,普通（中级）,9 个小时,热度 670,"英语, 韩语",,,互联网
14096,Arduino 平台和 C 编程,,加州大学尔湾分校,简单（初级）,11 个小时,"热度 1,166","英语, 其他",,,计算机
12018,物联网与嵌入式系统概论,,加州大学尔湾分校,简单（初级）,14 个小时,"热度 1,084","英语, 其他",,,计算机
1295,Rails 的 Active Record 与 Action Pack,,约翰霍普金斯大学,普通（中级）,18 个小时,热度 291,英语,,,计算机
6458,Ruby on Rails：概述,,约翰霍普金斯大学,普通（中级）,17 个小时,热度 390,英语,,,计算机
1784,有限元法在物理问题中的应用,,密歇根大学,普通（中级）,25 个小时,热度 906,英语,1月7日,,物理
16253,企业战略分析基础,,ESSEC商学院,难（高级）,15 个小时,热度 339,英语,,,商业管理
7781,天体生物学和寻找外星生命,,爱丁堡大学,简单（初级）,15 个小时,热度 480,"英语, 德语, 俄语, 其他",,,生物
1702,市场营销专业人士所需的数字分析：理论市场分析,,伊利诺伊大学香槟分校,简单（初级）,14 个小时,热度 529,英语,,,商业管理
4358,大数据导论,,加州大学圣地亚哥分校,简单（初级）,16 个小时,热度 981,"英语, 韩语, 其他",,,计算机
10783,使用 Excel 分析数据,,杜克大学,简单（初级）,27 个小时,"热度 1,704",英语,,,计算机
7970,电子游戏中的故事情节与叙事概念,,加州艺术学院,简单（初级）,14 个小时,热度 522,"中文, 英语",,,计算机
1765,实用预测分析：模型与方法,,华盛顿大学,普通（中级）,13 个小时,热度 444,"英语, 韩语",,,计算机
16766,大规模数据处理：系统与算法,,华盛顿大学,普通（中级）,21 个小时,热度 580,英语,,,计算机
17352,面向对象 Java 程序设计,,美国加州大学圣地亚哥分校,普通（中级）,25 个小时,"热度 1,591","中文, 英语, 韩语, 德语",,,计算机
7792,人人理财：智能决策工具,,密歇根大学,简单（初级）,6 周,热度 513,英语,,,金融
79,欠驱动机器人,,麻省理工学院,普通（中级）,11 周,"热度 1,282",英语,4月4日,,计算机
11345,HTML5 应用和游戏,,W3C （万维网联盟）,难（高级）,4 周,热度 791,英语,,,计算机
6346,HTML5 编程基础和最佳实践,,W3C （万维网联盟）,普通（中级）,6 周,热度 955,英语,,,计算机
8484,品牌管理：协调经营、品牌和行为,,伦敦大学,简单（初级）,24 个小时,热度 618,英语,,,商业管理
6855,电影产业,,英国开放大学,普通（中级）,6 周,热度 536,英语,6月3日,,商业管理
2446,使用 Swift 进行 iOS 开发,,加州大学尔湾分校,简单（初级）,33 个小时,热度 781,英语,,,计算机
9680,游戏、传感器与媒体,,加州大学尔湾分校,简单（初级）,23 个小时,热度 575,英语,,,计算机
1485,iOS 用户界面设计最佳实践,,加州大学尔湾分校,简单（初级）,23 个小时,热度 749,英语,,,计算机
1180,iOS 应用的网络与安全,,加州大学尔湾分校,简单（初级）,23 个小时,热度 575,英语,,,计算机
16445,Objective-C App 开发基础,,加州大学尔湾分校,简单（初级）,19 个小时,热度 710,英语,,,计算机
6204,睡眠：神经生物学、医学和社会学,,密歇根大学,简单（初级）,22 个小时,热度 545,英语,1月14日,,生物
10516,Ableton Live 入门,,伯克利音乐学院,简单（初级）,14 个小时,热度 707,"中文, 英语",,,艺术
7682,莎士比亚和他的世界,,英国华威大学,简单（初级）,10 周,热度 564,英语,4月4日,,文学
2341,论文写作入门,,加州大学尔湾分校,简单（初级）,16 个小时,热度 978,"英语, 其他",,,语言
6003,语法和标点,,加州大学尔湾分校,简单（初级）,9 个小时,"热度 1,330","英语, 西班牙语, 其他",,,语言
1776,响应式 Web 设计,,伦敦大学,简单（初级）,15 个小时,热度 807,英语,,,计算机
10988,响应式网站基础：HTML、CSS 与 JavaScript,,伦敦大学,简单（初级）,14 个小时,"热度 1,551","英语, 其他",,,计算机
6203,iOS App 开发基础,,多伦多大学,普通（中级）,10 个小时,热度 834,英语,,,计算机
2176,Swift 程序设计入门,,多伦多大学,普通（中级）,10 个小时,热度 792,"中文, 英语, 韩语",,,计算机
11797,使用 Python 访问 Web 数据,,密歇根大学,简单（初级）,12 个小时,"热度 1,714",英语,,,计算机
17540,Python 数据结构,,密歇根大学,简单（初级）,9 个小时,"热度 1,744","中文, 英语",,,计算机
7913,Java 程序设计：使用软件解题,,杜克大学,简单（初级）,23 个小时,热度 978,"英语, 其他",,,计算机
11877,JavaScript，HTML 和 CSS 编程基础,,杜克大学,简单（初级）,19 个小时,热度 605,"英语, 其他",,,计算机
6352,利用 React 进行前端 Web 开发,,香港科技大学,普通（中级）,31 个小时,"热度 1,352",英语,,,计算机
11205,高级企业战略,,弗吉尼亚大学,简单（初级）,13 个小时,热度 426,"英语, 韩语, 其他",,,商业管理
16014,前端Web UI框架和工具：Bootstrap 4,,香港科技大学,普通（中级）,31 个小时,"热度 2,926",英语,,,计算机
3694,音乐商务基础,,伯克利音乐学院,简单（初级）,12 个小时,热度 523,英语,,,商业管理
2372,地心科学导论,,东京工业大学,简单（初级）,5 周,热度 415,英语,4月4日,,环境与地球
10387,理解食物,,加拿大麦吉尔大学,简单（初级）,10 周,热度 366,英语,,,其他
3832,债务可持续性分析,,国际货币基金组织,普通（中级）,6 周,热度 363,英语,4月4日,,金融
5165,悖论：思维的魔方,,北京大学,简单（初级）,25 个小时,"热度 2,386",中文,,,社会
11096,汉字,,北京大学,简单（初级）,27 个小时,"热度 1,169",中文,,,语言
18148,离散数学概论,,北京大学,简单（初级）,41 个小时,"热度 5,168",中文,,,数学与统计
13550,设计，运行和实验分析,,美国加州大学圣地亚哥分校,普通（中级）,23 个小时,热度 506,英语,,,计算机
7730,信息设计,,加州大学圣地亚哥分校,普通（中级）,9 个小时,热度 339,英语,,,计算机
1692,用户体验：研究与原型,,加州大学圣地亚哥分校,普通（中级）,11 个小时,热度 471,英语,,,计算机
16608,社交计算,,加州大学圣地亚哥分校,普通（中级）,11 个小时,热度 441,英语,,,计算机
12603,慕课问道,,北京大学,简单（初级）,5 周,热度 779,中文,,,教育
18912,画法几何与技术制图基础,,中国农业大学,普通（中级）,16 周,热度 803,中文,,国家精品,工程
18250,简明线性代数,,清华大学,简单（初级）,12 周,"热度 2,559",中文,,,数学与统计
1052,数据驱动型公司的业务指标,,杜克大学,简单（初级）,14 个小时,热度 781,"中文, 英语, 其他",,,商业管理
10259,数据管理与可视化,,卫斯连大学,简单（初级）,17 个小时,热度 418,"英语, 韩语",,,计算机
14746,数据分析工具,,卫斯连大学,简单（初级）,13 个小时,热度 396,英语,,,计算机
5870,工程力学导论,,乔治亚理工学院,难（高级）,10 个小时,热度 623,英语,,,物理
11604,游戏开发导论,,密歇根州立大学,普通（中级）,26 个小时,"热度 1,226",英语,,,计算机
8821,游戏设计导论,,加州艺术学院,简单（初级）,11 个小时,热度 575,"中文, 英语, 俄语",,,计算机
12417,开发Windows10 UWP Apps – 第1部分,,微软,普通（中级）,4 周,热度 843,英语,4月4日,,计算机
19888,开发Windows10 UWP Apps – 第2部分,,微软,普通（中级）,4 周,热度 263,英语,4月4日,,计算机
10153,开发Windows10 UWP Apps – 第3部分,,微软,普通（中级）,4 周,热度 283,英语,4月4日,,计算机
17849,思考、创造、代码,,澳大利亚阿德莱德大学,简单（初级）,6 周,热度 318,英语,5月5日,,计算机
16618,供应链设计,,麻省理工学院,难（高级）,13 周,热度 822,英语,,,商业管理
7207,大数据,,美国加州大学圣地亚哥分校,简单（初级）,5 个月,"热度 2,769","英语, 韩语, 其他",,专项课程,计算机
17325,面向对象的Java编程：数据结构,,美国加州大学圣地亚哥分校,普通（中级）,6 个月,"热度 3,414","中文, 英语, 韩语, 德语, 其他",,专项课程,计算机
1300,从 Excel 到 MySQL：商业分析技术,,杜克大学,简单（初级）,8 个月,"热度 4,988","中文, 英语, 韩语, 俄语, 其他",,专项课程,计算机
19763,财务会计概论（中文版）,,宾夕法尼亚大学,简单（初级）,23 个小时,"热度 4,051","中文, 英语, 西班牙语",,经典课程,金融
2190,瘟疫，巫婆，和战争：世界历史小说,,弗吉尼亚大学,简单（初级）,10 个小时,"热度 2,153",英语,,,历史
10824,商学导论,,清华大学,简单（初级）,16 周,"热度 1,147",中文,3月1日,,商业管理
1511,心理学导论,,多伦多大学,简单（初级）,32 个小时,"热度 1,183",英语,,,心理
11077,细读张爱玲,,国立清华大学,简单（初级）,10 周,"热度 1,505",中文,,,文学
16056,数学生物统计学入门 2,,约翰霍普金斯大学,普通（中级）,16 个小时,热度 709,英语,,,数学与统计
19723,神经科学基础（三）：大脑,,哈佛大学,简单（初级）,8 周,热度 814,英语,,,生物
5696,用数学模型给期权定价,,加州理工学院,普通（中级）,10 周,热度 510,英语,5月5日,,金融
3930,人事管理：激发你的员工,,英国雷丁大学,简单（初级）,10 周,热度 274,英语,5月5日,,商业管理
10762,数字故事：在线电影的制作,,英国伯明翰大学,简单（初级）,4 周,"热度 1,097",英语,,,艺术
6870,数据科学基础,,微软,普通（中级）,6 周,热度 410,英语,4月4日,,计算机
12943,国际法,,比利时鲁汶大学,难（高级）,10 周,热度 775,英语,,,法律
2939,空气动力学基础,,麻省理工学院,难（高级）,15 周,"热度 2,499",英语,4月4日,,物理
16484,生活英语听说,,清华大学,简单（初级）,10 周,"热度 6,696","中文, 英语",,,语言
19693,西游记,,台湾静宜大学,简单（初级）,9 周,热度 763,中文,,,文学
4612,世界建筑史,,麻省理工学院,简单（初级）,12 周,"热度 1,848",英语,4月4日,,建筑
7208,外国工艺美术史,,清华大学,简单（初级）,16 周,"热度 1,366",中文,,,历史
1551,有限元分析及应用,,清华大学,难（高级）,20 周,"热度 3,182",中文,,,数学与统计
17849,jQuery入门,,微软,普通（中级）,3 周,"热度 1,274",英语,1月1日,,计算机
8042,量子力学（上）,,清华大学,难（高级）,10 周,"热度 2,079",中文,,,物理
1293,财务管理,,伊利诺伊大学香槟分校,普通（中级）,7 个月,热度 489,"英语, 韩语, 其他",,专项课程,金融
5285,磁共振基础,,瑞士洛桑联邦理工学院,普通（中级）,7 周,热度 409,"英语, 法语",,,物理
7118,公司财务精要,,西班牙IESE商学院,简单（初级）,14 个小时,热度 618,"中文, 英语, 韩语",,,金融
6764,如何开展你的研究项目,,英国南安普顿大学,简单（初级）,8 周,热度 535,英语,3月4日,,其他
2146,音乐理论入门,,伯克利音乐学院,简单（初级）,6 周,"热度 1,579",英语,1月28日,,艺术
18805,创新与创业,,伯克利音乐学院,简单（初级）,4 周,热度 534,英语,1月28日,,商业管理
4120,光学工程基础,,清华大学,普通（中级）,16 周,"热度 1,124",中文,,,物理
18800,大学物理1：力学、相对论,,同济大学,简单（初级）,14 周,"热度 1,481",中文,,国家精品,物理
4124,新闻学概论,,英国思克莱德大学,简单（初级）,6 周,"热度 1,077",英语,,,社会
9969,C++语言程序设计基础,,清华大学,简单（初级）,8 周,"热度 9,685",中文,,,计算机
8241,中国近现代史纲要,,浙江大学,简单（初级）,12 周,"热度 2,404",中文,,国家精品,历史
8593,Python语言程序设计,,北京理工大学,简单（初级）,11 周,"热度 6,117",中文,,国家精品,计算机
8971,土木工程施工基本原理,,同济大学,难（高级）,23 周,"热度 2,466",中文,,,建筑
10622,电工学,,同济大学,普通（中级）,15 周,"热度 2,202",中文,,,电子
9485,软件工程专业导论,,哈尔滨工业大学,简单（初级）,18 周,"热度 1,142",中文,,国家精品,计算机
16233,工程材料与机械制造基础,,山东大学,普通（中级）,15 周,"热度 1,708",中文,,国家精品,工程
14468,微电子工艺,,哈尔滨工业大学,难（高级）,16 周,"热度 1,116",中文,,国家精品,电子
711,计算机网络,,哈尔滨工业大学,普通（中级）,18 周,"热度 4,047",中文,,国家精品,计算机
9003,通信原理,,国防科学技术大学,难（高级）,17 周,"热度 2,133",中文,,国家精品,电子
14004,C语言程序设计（上）,,北京理工大学,简单（初级）,20 周,"热度 4,323",中文,,,计算机
9422,工程图基础及数字化构型,,北京理工大学,普通（中级）,17 周,热度 532,中文,,,工程
887,数字信号处理,,电子科技大学,难（高级）,16 周,"热度 1,528",中文,,国家精品,电子
271,材料科学基础（下）,,西北工业大学,难（高级）,10 周,热度 626,中文,,国家精品,工程
2134,材料科学基础（上）,,西北工业大学,难（高级）,8 周,"热度 1,031",中文,,国家精品,工程
3119,非金融专业人士所需的金融知识,,加州大学尔湾分校,简单（初级）,7 个小时,"热度 1,283","中文, 英语, 韩语, 西班牙语, 其他",,,金融
7703,中医药与中华传统文化,,上海交通大学,简单（初级）,11 周,"热度 4,484",中文,,,医学健康
15566,发现 DNA 和蛋白质的突变（生物信息学 VI）,,加州大学圣地亚哥分校,简单（初级）,18 个小时,热度 412,英语,,,计算机
9070,基因组数据科学与聚类（生物信息学V）,,加州大学圣地亚哥分校,简单（初级）,9 个小时,热度 421,英语,,,计算机
17031,分子进化（生物信息学 IV）,,加州大学圣地亚哥分校,简单（初级）,17 个小时,热度 482,英语,,,计算机
12201,基因、蛋白质和基因组的对比（生物信息学 Ⅲ）,,加州大学圣地亚哥分校,简单（初级）,17 个小时,热度 497,英语,,,计算机
526,专案管理（入门篇）,,国立交通大学,简单（初级）,12 周,热度 555,中文,,,商业管理
6837,现代柯南-跟着玛斯一起探索检验世界,,慈济大学,简单（初级）,6 周,热度 495,中文,,,医学健康
9492,创意学经济,,台湾新竹交通大学,简单（初级）,16 周,"热度 1,717",中文,,,经济
5013,临床研究e点灵 -生物统计,,花莲慈济医院&慈济大学,简单（初级）,9 周,热度 611,中文,,,生物
10838,生物信息学方法 II,,多伦多大学,简单（初级）,11 个小时,"热度 1,411",英语,,,计算机
3546,生物信息学方法 I,,多伦多大学,简单（初级）,13 个小时,"热度 2,824",英语,,,计算机
2871,人群与网络,,北京大学,简单（初级）,24 个小时,"热度 2,407",中文,,,社会
6552,基因组测序（生物信息学 II）,,加州大学圣地亚哥分校,简单（初级）,15 个小时,热度 510,"中文, 英语",,,计算机
6828,发现 DNA 中的隐藏信息（生物信息学 I）,,加州大学圣地亚哥分校,简单（初级）,13 个小时,热度 693,英语,,,计算机
2248,生物信息学,,加州大学圣地亚哥分校,简单（初级）,11 个月,"热度 1,213","中文, 英语",,专项课程,计算机
9982,数字媒体与营销原则,,伊利诺伊大学香槟分校,简单（初级）,14 个小时,热度 489,英语,,,商业管理
18665,数字媒体与营销策略,,伊利诺伊大学香槟分校,简单（初级）,15 个小时,"热度 1,968",英语,,,商业管理
15938,企业财务决策的价值创造,,墨尔本大学,普通（中级）,14 个小时,热度 349,"英语, 韩语",,,金融
12975,离散优化建模基础篇,,香港中文大学 & 墨尔本大学,普通（中级）,17 个小时,热度 347,中文,,,计算机
14505,微软Azure架构解决方案,,微软,难（高级）,5 周,热度 328,英语,,,计算机
13803,有形事物：通过艺术品、手工艺品、科学标本和身边的物品发掘历史,,哈佛大学,简单（初级）,5 周,热度 969,英语,4月4日,,历史
8791,计算机图形学,,加州大学圣地亚哥分校,普通（中级）,6 周,"热度 6,683","中文, 英语",,,计算机
11877,创新时代：如何勇于创新,,德克萨斯大学休斯敦健康科学中心,简单（初级）,5 周,热度 391,英语,4月4日,,其他
9281,创新与IT管理,,印度管理学院,普通（中级）,4 周,热度 462,英语,2月21日,,商业管理
10741,创意编程,,澳大利亚蒙纳士大学,简单（初级）,6 周,热度 371,英语,,,计算机
15909,营养与健康：微量营养素和营养不良,,荷兰瓦赫宁根大学,普通（中级）,7 周,热度 379,英语,,,医学健康
19722,营养与健康：富营养素和营养不良,,荷兰瓦赫宁根大学,简单（初级）,8 周,"热度 1,792",英语,3月5日,,医学健康
19083,物流管理概论,,北京交通大学,简单（初级）,10 周,"热度 1,088",中文,,,商业管理
15626,慕课及翻转课堂设计制作实训,,上海交通大学,简单（初级）,11 周,热度 924,中文,,,教育
34,从音符到演奏：理解乐谱,,英国开放大学,简单（初级）,4 周,热度 773,英语,2月18日,,艺术
19390,物联网,,伦敦国王学院,简单（初级）,4 周,热度 571,英语,4月4日,,互联网
15303,数据结构基础,,北京大学,简单（初级）,31 个小时,"热度 3,523",中文,,,计算机
7217,计算机网络之危机四伏,,哈尔滨工业大学,简单（初级）,7 周,热度 986,中文,,,计算机
5385,教师如何做研究,,北京大学,普通（中级）,7 周,"热度 1,093",中文,,,教育
16279,建筑评论,,同济大学,简单（初级）,11 周,热度 811,中文,,国家精品,建筑
8932,信号与系统 第1部,,印度理工学院孟买分校,普通（中级）,10 周,热度 580,英语,4月4日,,电子
4509,网络安全概论,,英国开放大学,简单（初级）,8 周,热度 538,英语,3月11日,,互联网
16114,面向 Android 的 Java,,范德堡大学,简单（初级）,29 个小时,热度 657,英语,,,计算机
10567,现代生物学导论,,清华大学,简单（初级）,15 周,"热度 1,036",中文,,,生物
7983,汽车碰撞安全基础,,清华大学,普通（中级）,21 周,热度 847,中文,,,工程
18944,走进医学,,清华大学,简单（初级）,10 周,热度 833,"中文, 英语",4月4日,,医学健康
4596,爵士乐欣赏,,德克萨斯大学奥斯汀分校,简单（初级）,10 周,热度 586,英语,,,艺术
2107,宗教和嘻哈文化,,莱斯大学,简单（初级）,10 周,热度 673,英语,,,宗教
14030,视觉传达设计思维与方法,,清华大学,简单（初级）,9 周,"热度 2,470",中文,,,艺术
17052,汽车造型设计二维表达,,清华大学,普通（中级）,11 周,热度 599,中文,,,工程
4168,数字媒体和移动应用的创意编程,,伦敦大学,普通（中级）,26 个小时,热度 750,"英语, 其他",,,计算机
1713,哲学与科学：物理科学哲学导论,,爱丁堡大学,普通（中级）,7 个小时,热度 676,英语,,,哲学
15565,学习在线教学,,澳大利亚新南威尔士大学,简单（初级）,18 个小时,热度 455,英语,,,教育
7206,比特币和数字货币技术,,普林斯顿大学,简单（初级）,18 个小时,"热度 2,277",英语,,,金融
3266,金融分析语言和工具,,墨尔本大学,普通（中级）,14 个小时,热度 591,英语,,,金融
10809,理解爱因斯坦：狭义相对论,,斯坦福大学,难（高级）,40 个小时,"热度 1,573",英语,1月7日,,物理
5542,突触，神经元和大脑,,希伯来大学,简单（初级）,31 个小时,"热度 2,178",英语,,,生物
17594,英语语法和写作风格,,昆士兰大学,简单（初级）,8 周,"热度 1,590",英语,4月4日,,语言
11665,太极拳医学,,四川大学,简单（初级）,10 周,"热度 1,154",中文,,国家精品,医学健康
3372,模拟电路基础,,电子科技大学,普通（中级）,16 周,"热度 2,787",中文,,国家精品,电子
15542,局部解剖学,,山东大学,普通（中级）,17 周,热度 793,中文,,国家精品,医学健康
14924,投资 I：绩效评估基础,,伊利诺伊大学香槟分校,普通（中级）,29 个小时,热度 749,英语,,,金融
5438,估价和投资的各种方法,,墨尔本大学,普通（中级）,13 个小时,热度 418,英语,,,金融
7443,战略业务管理 – 宏观经济学,,加州大学尔湾分校,简单（初级）,36 个小时,"热度 3,784",英语,,,经济
12642,爱因斯坦的革命,,哈佛大学,简单（初级）,14 周,"热度 1,047",英语,,,历史
3448,科学和烹饪：从美味佳肴到软物质科学,,哈佛大学,简单（初级）,16 周,热度 677,英语,,,其他
4122,流行病学基础（上）,,北京大学,简单（初级）,20 个小时,热度 586,中文,,,医学健康
7476,东坡词,,国立台湾大学,简单（初级）,17 个小时,"热度 2,025",中文,,,文学
13682,人类起源,,亚利桑那州立大学,简单（初级）,8 周,热度 641,英语,,,历史
923,创业102：你能为你的客户做什么？,,麻省理工学院,简单（初级）,9 周,热度 784,中文,,,商业管理
11195,通信系统概论：从信号到数据包（第1部分）,,香港科技大学,简单（初级）,7 周,热度 515,英语,1月15日,,计算机
14798,通信系统概论：从信号到数据包（第2部分）,,香港科技大学,简单（初级）,6 周,热度 349,英语,3月12日,,计算机
6630,通信系统概论：从信号到数据包（第3部分）,,香港科技大学,简单（初级）,5 周,热度 329,英语,4月30日,,计算机
13816,硅光学芯片的设计、工艺和数据分析,,英属哥伦比亚大学,普通（中级）,6 周,热度 626,英语,1月15日,,电子
6605,电学，光学，磁材料及器件,,麻省理工学院,难（高级）,5 周,热度 795,英语,4月4日,,电子
5676,超级英雄的崛起及其对流行文化的影响,,The Smithsonian Institution 美国史密斯学会,简单（初级）,6 周,热度 635,英语,4月4日,,社会
4724,中级管理会计,,ACCA 特许公认会计师公会,简单（初级）,6 周,热度 964,"中文, 英语, 法语",,,金融
12625,初级管理会计,,ACCA 特许公认会计师公会,简单（初级）,6 周,"热度 1,598","中文, 英语, 法语",,,金融
8783,智能手机内部的计算技术,,康奈尔大学,简单（初级）,10 周,热度 269,英语,4月4日,,计算机
8086,西方文明：古代和中世纪的欧洲,,亚利桑那州立大学,简单（初级）,8 周,热度 449,英语,,,历史
13889,亚洲商务英语：写作部分,,香港科技大学,简单（初级）,7 周,热度 826,英语,4月4日,,语言
14991,无知！,,澳洲国立大学,简单（初级）,8 周,热度 515,"中文, 英语",4月4日,,社会
6252,电路接口：连接物理和数字世界,,加州大学伯克利分校,普通（中级）,8 周,热度 503,英语,,,电子
12920,半导体元件物理,,台湾交通大学,难（高级）,12 周,热度 934,中文,,,物理
12989,音乐导聆,,山东大学,普通（中级）,17 周,"热度 1,012",中文,,国家精品,艺术
5265,交通设计,,同济大学,简单（初级）,0 周,热度 407,中文,,,工程
83,《新教伦理与资本主义精神》导读,,复旦大学,简单（初级）,15 周,"热度 1,021",中文,,国家精品,社会
5314,机械原理,,北京航空航天大学,难（高级）,18 周,"热度 1,122",中文,,国家精品,工程
17676,设计原则：入门,,加州大学圣地亚哥分校,简单（初级）,16 个小时,热度 509,"英语, 日语, 西班牙语, 其他",,,计算机
17,输入与互动,,加州大学圣地亚哥分校,普通（中级）,9 个小时,热度 313,英语,,,计算机
10650,以人为本的设计：概述,,加州大学圣地亚哥分校,简单（初级）,16 个小时,热度 520,"英语, 韩语, 西班牙语",,,计算机
1881,Linux 系统管理员基础,,Linux 基金会,普通（中级）,0 周,热度 656,英语,,,计算机
19339,Android 应用组件 – 服务，本地IPC和内容提供商,,范德堡大学,简单（初级）,11 个小时,热度 582,英语,,,计算机
12152,Scala 功能编程,,洛桑联邦理工学院,普通（中级）,5 个月,"热度 1,316","英语, 法语, 韩语, 其他",,专项课程,计算机
3541,MATLAB 程序设计入门,,范德堡大学,简单（初级）,18 个小时,"热度 6,322",英语,,,计算机
3069,葡萄酒的世界：从葡萄到酒杯,,澳大利亚阿德莱德大学,简单（初级）,6 周,热度 649,英语,,,其他
17400,页面架构,,网易杭州研究院,简单（初级）,3 周,热度 378,中文,,,计算机
17907,财务会计导论续篇,,宾夕法尼亚大学,普通（中级）,32 个小时,热度 942,英语,,,商业管理
2377,设计原理：概述,,加州大学圣地亚哥分校,简单（初级）,16 个小时,热度 436,"英语, 日语, 西班牙语, 其他",,,计算机
14873,交互设计,,加州大学圣地亚哥分校,普通（中级）,11 个月,"热度 2,244","英语, 日语, 韩语, 西班牙语, 其他",,专项课程,计算机
18864,机器人入门,,英国雷丁大学,简单（初级）,4 周,热度 568,英语,1月7日,,工程
19692,教你写第一首歌,,英国谢菲尔德大学,简单（初级）,6 周,热度 714,英语,4月4日,,艺术
17461,云计算入门,,微软,简单（初级）,6 周,热度 482,英语,,,计算机
4584,DOM编程艺术,,网易杭州研究院,普通（中级）,7 周,热度 704,中文,,,计算机
17173,算法设计与分析之进阶篇,,哈尔滨工业大学,简单（初级）,12 周,热度 806,中文,,,计算机
16171,营养和健康,,英国阿伯丁大学,简单（初级）,4 周,热度 488,英语,1月14日,,医学健康
10847,前端 Web 工程师,,W3C （万维网联盟）,简单（初级）,30 周,热度 991,英语,,edX专业认证,计算机
12040,计算机组成原理之CPU,,哈尔滨工业大学,普通（中级）,12 周,热度 961,中文,,,计算机
4697,计算机组成原理之数字,,哈尔滨工业大学,普通（中级）,12 周,"热度 1,203",中文,,,计算机
2017,工程资讯管理 BIM 基础,,国立台湾大学,简单（初级）,16 个小时,"热度 1,224",中文,,,工程
82,工程资讯管理BIM塑模,,国立台湾大学,简单（初级）,27 个小时,热度 936,中文,,,工程
14165,工程图学3D CAD专题,,国立台湾大学,简单（初级）,18 个小时,"热度 1,591",中文,,,计算机
5058,工程图学3D CAD,,国立台湾大学,简单（初级）,15 个小时,"热度 1,923",中文,,,计算机
3329,工程图学 2D CAD 专题,,国立台湾大学,简单（初级）,27 个小时,"热度 1,614",中文,,,工程
6415,工程图学2D CAD,,国立台湾大学,简单（初级）,31 个小时,"热度 1,791",中文,,,计算机
1764,页面制作,,网易杭州研究院,简单（初级）,6 周,热度 520,中文,,,计算机
17686,CSS基础,,网易杭州研究院,简单（初级）,3 周,热度 450,中文,,,计算机
10623,HTML入门,,网易杭州研究院,简单（初级）,6 周,"热度 1,976",中文,,,计算机
16843,Javascript入门,,网易杭州研究院,简单（初级）,6 周,"热度 1,873",中文,,,计算机
9234,Javascript程序设计,,网易杭州研究院,简单（初级）,8 周,"热度 1,288",中文,,,计算机
15829,材料学概论,,清华大学,简单（初级）,15 周,"热度 1,074",中文,,,工程
2352,创办新企业,,清华大学,简单（初级）,9 周,热度 559,中文,,,商业管理
10529,计算几何,,清华大学,难（高级）,16 周,"热度 1,625","中文, 英语",,,数学与统计
16939,《资治通鉴》导读,,清华大学,简单（初级）,18 周,"热度 1,937","中文, 英语",,,历史
17581,文物精品与文化中国：文字与乐礼,,清华大学,简单（初级）,5 周,"热度 1,120","中文, 英语",,,历史
2965,日常思考的科学,,昆士兰大学,简单（初级）,16 周,"热度 1,078",中文,,,伦理
14413,营销：人人都需要的一门课,,清华大学,简单（初级）,15 周,"热度 3,572",中文,,,商业管理
14827,创业启程,,清华大学,简单（初级）,13 周,"热度 1,479",中文,,,商业管理
8475,汽车理论,,清华大学,难（高级）,9 周,"热度 1,311",中文,,,工程
7603,工程制图,,清华大学,简单（初级）,17 周,"热度 1,301",中文,,,工程
6656,电工技术,,清华大学,难（高级）,17 周,"热度 2,018",中文,,,电子
3914,工程材料,,清华大学,普通（中级）,12 周,热度 756,中文,,,工程
591,普通生物学（先修课）,,清华大学,简单（初级）,10 周,"热度 1,846",中文,,,生物
5164,控制工程基础,,清华大学,普通（中级）,8 周,热度 864,中文,,,工程
10366,VC++面向对象与可视化程序设计（上）：Windows编程基础,,清华大学,难（高级）,6 周,"热度 1,961",中文,,,计算机
13463,中医养生方法学,,东南大学,简单（初级）,7 周,"热度 1,226",中文,,,医学健康
469,概率论与数理统计,,清华大学,普通（中级）,18 周,"热度 2,025",中文,,,数学与统计
12041,大学国文（上）,,东南大学,简单（初级）,32 周,"热度 1,952",中文,,,语言
17806,了解雅思：英语语言考试技巧,,英国文化协会,简单（初级）,6 周,"热度 3,377",英语,2月4日,经典课程,语言
12228,西方哲学精神探源,,清华大学,简单（初级）,16 周,"热度 1,216","中文, 英语",,,哲学
15727,汇编语言程序设计,,清华大学,简单（初级）,6 周,"热度 1,492",中文,,,计算机
6775,有机化学,,清华大学,简单（初级）,15 周,"热度 1,828",中文,,,化学
11175,Java编程概论 2,,香港科技大学,简单（初级）,5 周,热度 743,英语,,,计算机
9409,Apache Spark 大数据入门,,加州大学伯克利分校,普通（中级）,4 周,"热度 1,414",英语,,,计算机
8191,计算机系统结构 (三) CPU及其结构分析,,北京邮电大学,难（高级）,12 周,热度 838,中文,,,计算机
5393,理解新闻,,香港大学,简单（初级）,5 周,热度 464,"中文, 英语",4月4日,,社会
10573,荷兰语入门,,荷兰格罗宁根大学,简单（初级）,3 周,热度 702,"英语, 其他",2月25日,,语言
18387,大脑与空间,,杜克大学,简单（初级）,16 个小时,热度 501,"英语, 意大利语, 其他",,,生物
18312,工程资讯管理 BIM 应用,,国立台湾大学,简单（初级）,16 个小时,热度 732,中文,,,环境与地球
6854,食品安全与毒理,,国立台湾大学,简单（初级）,21 个小时,"热度 1,061",中文,1月7日,,医学健康
11008,美国政治概论,,清华大学,简单（初级）,13 周,热度 933,中文,,,社会
7639,逻辑学概论,,清华大学,简单（初级）,13 周,"热度 1,957",中文,,,哲学
17959,基于Linux的C++,,清华大学,普通（中级）,15 周,"热度 2,236",中文,,,计算机
2163,决胜移动互联网：创业者的商业模式课,,xlab未来生活创新中心,简单（初级）,9 周,"热度 1,192",中文,,,商业管理
7290,设计的人因与文化,,清华大学,难（高级）,7 周,热度 611,英语,,,社会
13111,足球运动与科学,,清华大学,简单（初级）,11 周,热度 704,中文,,,其他
315,数字集成电路分析与设计,,清华大学,普通（中级）,17 周,热度 789,中文,,,电子
15176,e时代的大佬师——慕课教师的修炼心法,,清华大学,简单（初级）,6 周,热度 735,中文,,,教育
14191,模拟电子技术基础(基础部分),,清华大学,普通（中级）,11 周,"热度 3,378",中文,,,电子
12195,数字电子技术基础,,清华大学,普通（中级）,13 周,"热度 1,409",中文,,,电子
12573,模拟电子技术基础(应用部分),,清华大学,普通（中级）,9 周,"热度 1,056",中文,,,电子
18239,大数据系统基础,,清华大学,简单（初级）,9 周,"热度 1,029",中文,,,计算机
3768,大数据科学与应用系列讲座,,清华大学,简单（初级）,10 周,热度 600,中文,,,计算机
6633,汽车发动机原理,,清华大学,普通（中级）,13 周,"热度 1,162",中文,,,工程
4827,软件工程,,清华大学,普通（中级）,15 周,热度 950,中文,,,计算机
16100,程序设计基础,,清华大学,普通（中级）,14 周,热度 945,中文,,,计算机
8206,数据结构与算法设计(上),,清华大学,普通（中级）,8 周,"热度 10,013",中文,,经典课程,计算机
608,中国建筑史,,清华大学,简单（初级）,16 周,"热度 5,853",中文,,经典课程,建筑
11905,宇宙中心的英语听说课,,清华大学,简单（初级）,13 周,"热度 3,492",中文,,经典课程,语言
16121,计算机网络之构造互联网,,中山大学,简单（初级）,10 周,热度 597,中文,,,计算机
4833,操作系统之进程与线程,,哈尔滨工业大学,难（高级）,10 周,热度 491,中文,,,计算机
9592,构建你的 Azure 技能工具包,,微软,简单（初级）,5 周,热度 351,英语,1月1日,,计算机
8342,新闻摄影,,清华大学,简单（初级）,16 周,"热度 4,499",中文,,经典课程,艺术
3076,心理学概论,,清华大学,简单（初级）,13 周,"热度 7,678","中文, 英语",,经典课程,心理
10780,操作系统,,清华大学,普通（中级）,25 周,"热度 2,927",中文,,,计算机
12944,电路原理,,清华大学,普通（中级）,18 周,"热度 5,333","中文, 英语",,经典课程,电子
6591,创业101：你的客户是谁？,,麻省理工学院,简单（初级）,6 周,"热度 2,333","中文, 英语",4月4日,,商业管理
6812,财务分析与决策,,清华大学,普通（中级）,13 周,"热度 6,593","中文, 英语",,经典课程,商业管理
11746,C++语言程序设计进阶,,清华大学,普通（中级）,6 周,"热度 4,064",中文,,,计算机
19055,不朽的艺术：走进大师与经典,,清华大学,简单（初级）,17 周,"热度 1,522","中文, 英语",,,艺术
18092,基础光学 I,,国立台湾大学,普通（中级）,26 个小时,"热度 1,018",中文,,,物理
2866,算法基础,,北京大学,简单（初级）,20 个小时,"热度 1,972",中文,,,计算机
525,小说写作入门,,英国开放大学,简单（初级）,8 周,"热度 1,612",英语,2月18日,,文学
13920,社会商业新模式,,弗吉尼亚大学,简单（初级）,6 个小时,"热度 1,401","英语, 葡萄牙语",,,商业管理
2673,云计算应用，第1部分：云系统和基础架构,,伊利诺伊大学香槟分校,普通（中级）,14 个小时,热度 323,"英语, 韩语",,,计算机
11686,算法思想（第 2 部分）,,莱斯大学,普通（中级）,20 个小时,热度 415,"英语, 西班牙语",,,计算机
14045,管理运筹学,,北京理工大学,普通（中级）,20 周,"热度 1,624",中文,,国家精品,商业管理
16793,数据挖掘中的聚类分析,,伊利诺伊大学香槟分校,普通（中级）,16 个小时,"热度 1,155",英语,,,计算机
17837,文本挖掘和分析,,伊利诺伊大学香槟分校,普通（中级）,20 个小时,"热度 1,713",英语,,,计算机
1343,云网络,,伊利诺伊大学香槟分校,普通（中级）,20 个小时,热度 375,英语,,,计算机
37,心理急救,,约翰霍普金斯大学,简单（初级）,7 个小时,热度 933,"英语, 西班牙语, 俄语, 其他",,,心理
15129,慕课基础：学习美国大学的在线课程,,纽约州立大学,简单（初级）,11 个小时,热度 502,英语,,,教育
17231,企业家精神核心：思考与行动,,加州大学尔湾分校,简单（初级）,4 个小时,热度 412,"英语, 西班牙语, 德语, 其他",,,商业管理
5394,数据可视化,,伊利诺伊大学香槟分校,简单（初级）,16 个小时,热度 940,"英语, 韩语",,,计算机
941,谈判的艺术,,加州大学尔湾分校,简单（初级）,6 个小时,热度 723,"英语, 西班牙语, 其他",,,其他
2548,高效商务写作,,加州大学尔湾分校,简单（初级）,6 个小时,热度 777,"英语, 西班牙语, 俄语, 其他",,,商业管理
9877,管理学基础,,加州大学尔湾分校,简单（初级）,6 个小时,"热度 1,795","英语, 其他",,,商业管理
17504,企业金融概论（中文版）,,宾夕法尼亚大学,简单（初级）,14 个小时,热度 566,"中文, 英语",,,金融
19102,项目启动,,弗吉尼亚大学,简单（初级）,38 个小时,热度 482,英语,1月7日,,商业管理
14899,个人及家庭理财规划,,佛罗里达大学,简单（初级）,14 个小时,热度 777,英语,,,金融
16916,企业战略基础,,弗吉尼亚大学,简单（初级）,15 个小时,"热度 1,529","英语, 葡萄牙语, 其他",,,商业管理
11157,企业成长战略,,弗吉尼亚大学,简单（初级）,15 个小时,热度 625,"英语, 韩语, 其他",,,商业管理
10165,人体生理学导论（中文版）,,杜克大学,简单（初级）,26 个小时,"热度 2,712",中文,,,医学健康
2687,Windows PowerShell 基础,,微软,简单（初级）,6 周,"热度 1,659",英语,,,计算机
17994,Azure App Service入门：Web应用程序,,微软,简单（初级）,4 周,热度 278,英语,,,计算机
5585,利用Transact-SQL查询数据,,微软,普通（中级）,6 周,"热度 1,476",英语,1月1日,,计算机
11160,Bootstrap 入门教程,,微软,普通（中级）,3 周,"热度 1,122",英语,1月1日,,计算机
2661,TypeScript 入门 2,,微软,普通（中级）,4 周,热度 937,英语,1月1日,,计算机
759,C# 编程,,微软,普通（中级）,6 周,"热度 3,742",英语,,,计算机
2087,计算原理（第 2 部分）,,莱斯大学,简单（初级）,19 个小时,热度 482,"英语, 其他",,,计算机
3099,操作系统原理,,北京大学,普通（中级）,30 个小时,"热度 2,544",中文,,,计算机
2705,算法设计与分析,,北京大学,普通（中级）,45 个小时,"热度 5,623",中文,,,计算机
2543,基因和精准医学,,加州大学旧金山分校,普通（中级）,15 周,热度 601,英语,,,医学健康
5691,数字时代营销,,伊利诺伊大学香槟分校,简单（初级）,29 个小时,热度 623,"中文, 英语, 西班牙语, 葡萄牙语, 其他",1月9日,,商业管理
17850,计算神经科学,,华盛顿大学,简单（初级）,31 个小时,"热度 3,651",英语,,,计算机
1829,网络运作：无需微积分的原理简介,,普林斯顿大学,简单（初级）,34 个小时,热度 479,英语,,,互联网
4188,管理会计：成本行为、系统和分析,,伊利诺伊大学香槟分校,普通（中级）,15 个小时,"热度 1,270","英语, 其他",,,商业管理
9008,网络教学基础,,加州大学尔湾分校,简单（初级）,15 个小时,热度 572,英语,,,教育
8721,现代中东的兴起 – 第 II 部分,,特拉维夫大学,简单（初级）,12 个小时,热度 297,"英语, 西班牙语, 其他",,,历史
9353,现代中东的兴起 – 第 I 部分,,特拉维夫大学,简单（初级）,10 个小时,热度 398,"英语, 西班牙语, 德语, 其他",,,历史
18209,发现自己的创造力,,纽约州立大学,简单（初级）,22 个小时,热度 400,"英语, 其他",,,其他
5169,市场营销专业人士所需的数字分析：市场营销分析实践,,伊利诺伊大学香槟分校,简单（初级）,12 个小时,热度 601,英语,,,商业管理
6503,论文写作初阶,,北京大学,简单（初级）,15 个小时,"热度 3,177",中文,,,语言
14531,软件测试,,南京大学,普通（中级）,16 个小时,"热度 5,673",中文,,,计算机
11726,软件安全之恶意代码机理与防护,,武汉大学,难（高级）,12 周,热度 836,中文,,,计算机
19564,Python交互程序设计入门（第 2 部分）,,莱斯大学,简单（初级）,25 个小时,"热度 1,136","中文, 英语, 韩语",,,计算机
14357,人体科学,,华东师范大学,简单（初级）,16 周,热度 501,中文,,国家精品,生物
14521,简明世界史（二）,,武汉大学,简单（初级）,17 周,热度 667,中文,,国家精品,历史
884,护理学基础（上篇）,,山东大学,普通（中级）,12 周,"热度 1,051",中文,,国家精品,医学健康
11197,航空发动机燃烧学,,西北工业大学,难（高级）,13 周,热度 719,中文,,国家精品,工程
3521,城市总体规划,,同济大学,普通（中级）,17 周,"热度 1,341",中文,,国家精品,建筑
19241,C语言程序设计（下）,,北京理工大学,简单（初级）,15 周,"热度 1,542",中文,,,计算机
13567,光电子学(一),,西安交通大学,难（高级）,15 周,热度 861,中文,,国家精品,电子
22,机械制图及数字化表达,,北京理工大学,普通（中级）,14 周,"热度 1,115",中文,,国家精品,工程
16853,概率论与数理统计,,浙江大学,普通（中级）,17 周,"热度 3,559",中文,,国家精品,数学与统计
16937,国际商务 II,,新墨西哥大学,简单（初级）,6 个小时,热度 336,英语,,,商业管理
1749,流行病及其爆发,,匹兹堡大学,简单（初级）,7 个小时,热度 319,英语,,,医学健康
3295,管理的批判性视角,,IE商学院,简单（初级）,14 个小时,热度 284,英语,,,商业管理
11927,文本检索和搜索引擎,,伊利诺伊大学香槟分校,普通（中级）,20 个小时,热度 867,英语,,,计算机
15919,云计算基础：第 2 部分,,伊利诺伊大学香槟分校,普通（中级）,25 个小时,热度 349,英语,,,计算机
18409,纳米技术和纳米传感器，第1部分,,以色列理工学院,简单（初级）,10 个小时,"热度 2,402",英语,,,工程
13919,Web应用程序开发：基本概念,,新墨西哥大学,简单（初级）,23 个小时,热度 456,英语,,,计算机
8763,心理学与生活,,南京大学,简单（初级）,7 周,"热度 5,361",中文,,国家精品,心理
18593,网络安全及其十大领域,,乔治亚大学,简单（初级）,8 个小时,热度 628,"中文, 英语, 法语, 意大利语, 葡萄牙语, 其他",,,互联网
14859,工程力学应用,,乔治亚理工学院,难（高级）,14 个小时,热度 752,英语,,,工程
6015,高级运动工程系统：三维(3D)动态运动,,乔治亚理工学院,难（高级）,13 个小时,热度 409,英语,,,工程
2348,Andr​​oid 手持系统的移动应用程序设计：第 2 部分,,马里兰大学帕克分校,普通（中级）,19 个小时,"热度 1,054",英语,,,计算机
7056,信号与系统,,东南大学,简单（初级）,27 周,"热度 2,460",中文,,国家精品,电子
16992,侵权责任法,,四川大学,简单（初级）,19 周,"热度 1,156",中文,,国家精品,法律
7723,数字电子技术基础,,国防科学技术大学,普通（中级）,17 周,"热度 1,712",中文,,国家精品,电子
12566,医学伦理学,,西安交通大学,简单（初级）,18 周,热度 535,中文,,国家精品,伦理
6202,女性学：女性精神在现代社会中的挑战,,四川大学,简单（初级）,18 周,热度 703,中文,,国家精品,社会
5232,新媒体素养,,中山大学,简单（初级）,13 周,"热度 1,419",中文,,国家精品,互联网
16583,传统文化与中医养生,,东南大学,简单（初级）,14 周,热度 704,中文,,,医学健康
14667,国际贸易学,,山东大学,简单（初级）,18 周,"热度 1,087",中文,,国家精品,商业管理
11878,航天器控制原理,,西北工业大学,难（高级）,18 周,热度 896,中文,,国家精品,工程
7190,外科手术技能教学,,同济大学,普通（中级）,15 周,热度 862,中文,,国家精品,医学健康
10576,古文字学,,武汉大学,普通（中级）,15 周,热度 891,中文,,国家精品,语言
13889,行政法学,,武汉大学,简单（初级）,12 周,"热度 1,206",中文,,国家精品,法律
15224,简明世界史（一）,,武汉大学,简单（初级）,17 周,热度 905,中文,,国家精品,历史
12477,大学语文,,东南大学,简单（初级）,17 周,"热度 1,953",中文,,国家精品,文学
1445,建筑理论与历史（2）——西方建筑史,,同济大学,简单（初级）,0 周,热度 686,中文,,,建筑
5716,建筑理论与历史（1）——中国建筑史,,同济大学,简单（初级）,0 周,热度 844,中文,,,建筑
13768,大学英文写作（二）,,国防科技大学,普通（中级）,23 周,热度 487,中文,,,语言
9108,机械设计,,西南交通大学,难（高级）,18 周,"热度 1,197",中文,,国家精品,工程
4100,计算机组成,,北京大学,普通（中级）,29 个小时,"热度 2,121",中文,,,计算机
3173,Java程序设计,,北京大学,普通（中级）,37 个小时,"热度 3,022",中文,,,计算机
7842,电路,,西安交通大学,普通（中级）,20 周,"热度 1,242",中文,,国家精品,电子
16224,机械原理,,西北工业大学,普通（中级）,16 周,热度 810,中文,,国家精品,工程
13939,化学与社会 CAP,,大连理工大学,简单（初级）,12 周,热度 797,中文,1月21日,,化学
9411,文学欣赏与批评,,武汉大学,简单（初级）,12 周,热度 761,中文,,国家精品,文学
10713,软件测试方法和技术实践,,同济大学,普通（中级）,12 周,"热度 1,349",中文,,,计算机
3063,概率论与数理统计,,南京大学,普通（中级）,12 周,"热度 4,237",中文,,,数学与统计
11992,近世代数,,哈尔滨工业大学,难（高级）,12 周,"热度 1,435",中文,,,数学与统计
11754,国际经济法,,上海交通大学,简单（初级）,13 周,"热度 1,445",中文,,,经济
10096,数据分析前沿,,麻省理工学院,普通（中级）,13 周,热度 658,英语,2月20日,,计算机
12099,细胞生物学,,四川大学,简单（初级）,16 周,"热度 1,406",中文,,国家精品,生物
863,运算结构 – 第1部分：数字电路,,麻省理工学院,难（高级）,10 周,热度 768,英语,,,计算机
19796,大学化学,,北京大学,简单（初级）,36 个小时,"热度 1,040",中文,,,化学
15348,系统神经科学,,国立清华大学,普通（中级）,10 周,热度 755,中文,,,生物
16485,Linux内核分析,,中国科学技术大学,难（高级）,8 周,"热度 2,020",中文,,,计算机
13244,计算机组成原理之机器,,哈尔滨工业大学,简单（初级）,12 周,热度 640,中文,,,计算机
4156,C语言程序设计进阶,,浙江大学,普通（中级）,10 周,"热度 2,846",中文,,,计算机
5899,中国文化概论,,武汉大学,普通（中级）,17 周,"热度 1,898",中文,,国家精品,哲学
6525,高级竞争策略（中文版）,,德国慕尼黑大学,简单（初级）,22 个小时,"热度 2,186","中文, 英语, 葡萄牙语",,经典课程,商业管理
8595,竞争策略（中文版）,,德国慕尼黑大学,简单（初级）,14 个小时,"热度 2,627","中文, 英语",,经典课程,商业管理
11069,深入癌症：基因如何影响癌症发展,,英国巴斯大学,简单（初级）,4 周,热度 359,英语,2月11日,,医学健康
237,分子生物学,,武汉大学,普通（中级）,8 周,"热度 2,075",中文,,国家精品,生物
7683,药用植物学,,四川大学,简单（初级）,11 周,热度 671,中文,,国家精品,医学健康
16226,生命体征：了解身体告诉我们的信息,,宾夕法尼亚大学,简单（初级）,16 个小时,热度 584,"英语, 俄语, 其他",,,医学健康
7449,了解现代企业和组织,,英国斯特拉斯克莱德大学,简单（初级）,6 周,热度 282,英语,2月4日,,商业管理
18971,中国哲学经典著作导读 – Coursera版,,西安交通大学,简单（初级）,24 个小时,"热度 3,743","中文, 英语",,经典课程,哲学
15658,身体至关重要：为什么锻炼会让你健康，如何保持不受伤害,,加拿大麦吉尔大学,简单（初级）,10 周,热度 399,英语,4月4日,,医学健康
4862,心理学导论,,圣玛格丽特主教学校,简单（初级）,10 周,热度 681,"中文, 英语, 西班牙语",5月5日,,心理
16633,面向 Unity 游戏开发的 C＃编程,,科罗拉多大学系统,简单（初级）,5 个月,"热度 1,180",英语,,专项课程,计算机
11623,化学基础：反应和比率,,杜克大学,简单（初级）,30 个小时,热度 533,"英语, 西班牙语, 其他",,,化学
17187,肥胖：原因和后果,,英国雷丁大学,简单（初级）,4 周,热度 320,英语,4月4日,,医学健康
19392,数字系统：从逻辑门到处理器,,巴塞罗那自治大学,普通（中级）,24 个小时,热度 370,英语,,,计算机
5005,数学思维导论,,斯坦福大学,普通（中级）,23 个小时,"热度 3,214",英语,1月7日,,数学与统计
8697,积极心理学,,北卡罗莱纳大学教堂山分校,简单（初级）,11 个小时,"热度 2,119","中文, 英语",,,心理
3258,动物行为与福利,,爱丁堡大学,简单（初级）,9 个小时,"热度 1,073","英语, 法语, 意大利语",,,伦理
4319,临床神经病学导论,,加州大学旧金山分校,普通（中级）,24 个小时,热度 447,英语,,,医学健康
16111,人工智能,,加州大学伯克利分校,难（高级）,12 周,"热度 1,686",英语,2月4日,,计算机
12566,北欧电影和电视,,哥本哈根大学,简单（初级）,13 个小时,热度 882,英语,,,艺术
17891,社会调查的问卷设计,,密歇根大学,简单（初级）,15 个小时,热度 454,英语,,,社会
7428,中国古代建筑艺术,,湖南大学,简单（初级）,11 周,"热度 1,398",中文,,,建筑
16508,超级地球与生命,,哈佛大学,普通（中级）,15 周,热度 595,英语,,,环境与地球
1666,临床试验的设计和解释,,约翰霍普金斯大学,普通（中级）,11 个小时,热度 838,英语,,,医学健康
12324,临床技能的教学和评估,,密歇根大学,普通（中级）,13 个小时,热度 323,英语,,,医学健康
4890,企业全球化,,西班牙IESE商学院,简单（初级）,21 个小时,热度 380,英语,,,商业管理
14381,线性代数 – 基础到前沿,,德克萨斯州大学奥斯汀分校,普通（中级）,15 周,热度 896,英语,1月16日,,数学与统计
5713,发展我们未来的食物：农作物,,荷兰瓦赫宁根大学,普通（中级）,6 周,热度 508,英语,,,经济
18482,线性电路1：直流分析,,乔治亚理工学院,难（高级）,36 个小时,热度 692,英语,,,电子
9356,古典音乐导论,,耶鲁大学,简单（初级）,44 个小时,"热度 1,620","英语, 西班牙语",1月7日,,艺术
11298,当代青年心理学(三)青年自我意识篇,,西南交通大学,简单（初级）,4 周,"热度 1,066",中文,,国家精品,心理
383,创新企业家：从理念到市场,,马里兰大学帕克分校,简单（初级）,11 个小时,热度 381,"英语, 其他",,,商业管理
8837,离散时间信号处理,,麻省理工学院,难（高级）,8 周,热度 547,英语,5月5日,,电子
5111,方言与中国文化,,武汉大学,简单（初级）,17 周,"热度 1,487",中文,,国家精品,语言
7730,航空航天概论,,北京航空航天大学,简单（初级）,17 周,"热度 1,021",中文,,国家精品,物理
18517,莎士比亚的哈姆雷特：文字，表现力和文化,,伯明翰大学,简单（初级）,6 周,热度 371,英语,4月4日,,文学
15568,探索英语：语言与文化,,英国文化协会,简单（初级）,4 周,热度 875,英语,,,语言
7858,探索电影制作：从剧本到银幕,,英国电影电视学院,简单（初级）,6 周,热度 783,英语,2月4日,,艺术
6454,大学英语写作入门,,英国雷丁大学,简单（初级）,5 周,热度 833,英语,2月11日,,语言
8301,如何成功地面试,,谢菲尔德大学,简单（初级）,3 周,热度 396,英语,2月11日,,其他
8067,管理我的金钱,,英国开放大学,简单（初级）,8 周,热度 372,英语,,,金融
11689,如何成功地写申请书,,谢菲尔德大学,简单（初级）,3 周,热度 632,英语,1月21日,,教育
5465,品牌的神秘力量,,东英吉利大学,简单（初级）,6 周,热度 431,英语,4月4日,,商业管理
19975,法医学概论,,英国思克莱德大学,简单（初级）,6 周,"热度 1,999",英语,3月25日,经典课程,医学健康
5913,如何写英文文章,,加州大学伯克利分校,简单（初级）,5 周,"热度 3,317",英语,4月4日,经典课程,语言
4688,英语学术和商业写作,,加州大学伯克利分校,简单（初级）,6 周,热度 630,英语,,,语言
19586,走向伟大：私人企业的理性成长，第二部分,,弗吉尼亚大学,简单（初级）,11 个小时,"热度 1,195",英语,,,商业管理
9904,21世纪技能的教学和评估,,墨尔本大学,简单（初级）,13 个小时,热度 696,英语,,,教育
7304,智慧城市 – 智能城市基础设施的管理,,瑞士联邦理工学院洛桑分校,简单（初级）,12 个小时,热度 668,"英语, 法语, 其他",,,社会
8781,网络课堂的高级教学策略,,加州大学尔湾分校,简单（初级）,8 个小时,热度 460,"英语, 意大利语",,,教育
19266,定量方法,,阿姆斯特丹大学,简单（初级）,39 个小时,热度 751,"中文, 英语",,,社会
11714,专业内容策略：吸引观众,,美国西北大学,简单（初级）,7 个小时,热度 333,英语,,,商业管理
17769,推论和劝说：通过柏拉图的三次对话进行思考,,新加坡国立大学,简单（初级）,20 个小时,热度 623,英语,,,哲学
9571,模型思维（中文版）,,密歇根大学,简单（初级）,32 个小时,"热度 10,477","中文, 英语, 葡萄牙语, 其他",,经典课程,社会
11340,EDIVET：如何成为一名兽医？,,爱丁堡大学,简单（初级）,11 个小时,热度 777,英语,,,医学健康
3563,学会如何学习：帮助你掌握复杂学科的强大智力工具,,麦克马斯特大学,简单（初级）,14 个小时,"热度 2,537","中文, 英语, 法语, 西班牙语, 意大利语, 德语, 葡萄牙语, 俄语, 其他",,,教育
16694,系统工程简介,,澳大利亚新南威尔士大学,简单（初级）,31 个小时,热度 463,英语,,,商业管理
19877,认识恐龙：恐龙古生物学,,阿尔伯塔大学,简单（初级）,15 个小时,热度 537,"英语, 法语, 西班牙语, 意大利语, 德语",,,生物
14444,超大规模集成电路计算机辅助设计：逻辑,,伊利诺伊大学,普通（中级）,31 个小时,热度 746,英语,,,电子
14921,技术商业化，第1部分：创建自己的创意筛选系统,,罗彻斯特大学,简单（初级）,13 个小时,热度 260,英语,,,商业管理
15647,密码学 II,,斯坦福大学,难（高级）,2 周,热度 937,英语,,,计算机
11387,新企业财务：创业启动资金,,马里兰大学帕克分校,简单（初级）,14 个小时,热度 383,英语,,,商业管理
9502,大学物理-相对论,,国防科学技术大学,普通（中级）,5 周,热度 560,中文,,,物理
6520,大学物理—近代物理,,北京理工大学,普通（中级）,8 周,"热度 1,555",中文,,,物理
14612,大学物理-量子物理,,国防科学技术大学,普通（中级）,8 周,热度 922,中文,,,物理
10110,如何阅读心灵：理解文学人物,,诺丁汉大学,简单（初级）,2 周,"热度 1,706",英语,4月4日,,心理
17210,大学英文写作（一）,,国防科学技术大学,普通（中级）,14 周,"热度 2,983",英语,,经典课程,语言
13994,准备AP® 英语语言及作文考试,,田纳西州评议委员会,简单（初级）,35 周,热度 832,英语,,,语言
15312,AP®法语及法国文化入门,,威斯顿中学,难（高级）,3 周,"热度 2,674",法语,4月4日,,语言
3384,相对论和天体物理,,康奈尔大学,普通（中级）,8 周,"热度 1,678",英语,4月4日,,物理
17646,外星世界：系外行星科学探索和特征,,波士顿大学,简单（初级）,9 周,热度 362,英语,,,环境与地球
15403,天体物理学：探索系外行星,,澳洲国立大学,普通（中级）,9 周,"热度 1,531",英语,,,物理
2404,宇宙最大的未解之谜,,澳洲国立大学,简单（初级）,9 周,"热度 1,962",英语,,,物理
3730,天体物理学：狂暴的宇宙,,澳洲国立大学,普通（中级）,9 周,热度 339,英语,,,物理
14425,窃听大数据：互联时代的隐私与监听,,康奈尔大学,简单（初级）,6 周,"热度 1,874",英语,4月4日,,社会
19567,离散时间信号和系统，第1部分：时域,,莱斯大学,难（高级）,5 周,"热度 1,392",英语,4月4日,,计算机
16860,数据分析的基础 – 第1部分：使用R的统计,,德克萨斯大学奥斯汀分校,简单（初级）,6 周,热度 444,英语,4月4日,,数学与统计
10553,负责任的创新：道德，安全和技术,,荷兰代尔夫特理工大学,普通（中级）,7 周,热度 686,英语,,,社会
8193,创造性的问题解决和决策,,荷兰代尔夫特理工大学,简单（初级）,5 周,热度 322,英语,4月4日,,商业管理
977,多重视角透视20世纪的世界,,复旦大学,简单（初级）,9 周,热度 601,中文,,,历史
12474,医学神经科学,,杜克大学,难（高级）,92 个小时,"热度 2,481",英语,,经典课程,医学健康
1892,普通物理学 – 电磁学、光学及近代物理,,国立台湾大学,普通（中级）,22 个小时,热度 987,中文,,,物理
13191,数据结构,,浙江大学,普通（中级）,12 周,"热度 3,389",中文,,国家精品,计算机
7922,急救常识,,武汉大学,简单（初级）,6 周,热度 931,中文,,国家精品,医学健康
12196,VisualBasic.NET程序设计入门,,同济大学,简单（初级）,12 周,"热度 1,204",中文,,国家精品,计算机
877,工程项目管理,,同济大学,难（高级）,17 周,"热度 2,592",中文,,国家精品,商业管理
3461,了解大脑：日常生活中的神经生物学,,芝加哥大学,简单（初级）,50 个小时,热度 988,英语,,,生物
17839,生物医学成像学导论,,昆士兰大学,普通（中级）,7 周,热度 550,英语,,,医学健康
17854,博弈论基础,,东京大学,简单（初级）,11 个小时,热度 778,英语,,,经济
9802,当生物学遇上编程：生物信息学入门,,加州大学圣地亚哥分校,简单（初级）,15 个小时,"热度 1,161","英语, 葡萄牙语",,,计算机
2250,地震的预测,,中国地质大学,简单（初级）,6 周,热度 550,中文,,,环境与地球
4955,用R语言进行数据统计,,杜克大学,简单（初级）,8 个月,"热度 2,080","英语, 韩语",,专项课程,数学与统计
2399,滚石乐队音乐，1962-1974 的音乐,,罗彻斯特大学,简单（初级）,19 个小时,热度 403,英语,,,艺术
12247,游戏化,,宾夕法尼亚大学,简单（初级）,29 个小时,"热度 2,528","中文, 英语, 西班牙语, 葡萄牙语, 俄语, 其他",,,商业管理
10925,云计算概念 第1部分,,伊利诺伊大学香槟分校,简单（初级）,38 个小时,热度 482,英语,,,计算机
9017,机器学习基础：算法基础,,国立台湾大学,普通（中级）,13 个小时,"热度 1,355",中文,,,计算机
4034,计算导论与C语言基础,,北京大学,简单（初级）,28 个小时,"热度 5,348",中文,,,计算机
4942,C程序设计进阶,,北京大学,简单（初级）,23 个小时,"热度 1,546",中文,,,计算机
1852,C++程序设计,,北京大学,简单（初级）,38 个小时,"热度 6,784",中文,,,计算机
13057,算法基础,,北京大学,简单（初级）,20 个小时,"热度 2,172",中文,,,计算机
17227,高级数据结构与算法,,北京大学,简单（初级）,31 个小时,"热度 5,473",中文,,,计算机
86,计算机体系结构,,北京邮电大学,难（高级）,11 周,"热度 10,144",中文,,,计算机
19355,C++程序设计入门(上),,北京邮电大学,简单（初级）,11 周,"热度 3,292",中文,,,计算机
13125,程序设计入门—C语言,,浙江大学,简单（初级）,16 周,"热度 7,977",中文,,"经典课程,国家精品",计算机
1799,程序设计入门—Java语言,,浙江大学,简单（初级）,11 周,"热度 4,203",中文,,,计算机
2228,微积分（一）,,哈尔滨工业大学,简单（初级）,17 周,"热度 2,099",中文,,国家精品,数学与统计
18398,信息安全数学基础,,哈尔滨工业大学,难（高级）,11 周,"热度 2,427",中文,,,数学与统计
2053,操作系统之基础,,哈尔滨工业大学,难（高级）,10 周,"热度 1,437",中文,,,计算机
7415,编译原理,,中国科技大学,普通（中级）,10 周,"热度 5,081",中文,,,计算机
4416,音乐基础训练,,台湾中原大学,简单（初级）,8 周,"热度 2,981",中文,,,艺术
11472,当代应用心理学,,台湾云林科技大学,简单（初级）,25 个小时,"热度 2,292",中文,,,心理
17065,后现代都会电影：台北,,台湾辅仁大学,简单（初级）,8 周,热度 611,中文,,,艺术
5137,视觉感知和大脑,,杜克大学,普通（中级）,23 个小时,"热度 1,375",英语,,,生物
17652,网络课堂的绩效评估,,加州大学尔湾分校,简单（初级）,10 个小时,热度 352,英语,,,教育
13360,消费者神经科学与神经营销学导论,,哥本哈根商学院,简单（初级）,8 个小时,热度 713,英语,,,经济
8211,过程挖掘：数据科学实战,,埃因霍温科技大学,普通（中级）,29 个小时,"热度 1,449",英语,,,计算机
2070,数字信号处理,,洛桑联邦理工学院,普通（中级）,31 个小时,"热度 2,161",英语,,,计算机
3302,实用安全,,马里兰大学帕克分校,普通（中级）,14 个小时,热度 390,英语,,,计算机
14857,密码学,,马里兰大学帕克分校,普通（中级）,19 个小时,热度 706,英语,,,计算机
1164,策略：管理者从伟大的哲学家那里学到什么 1,,巴黎中央理工学院,简单（初级）,20 个小时,热度 462,"英语, 其他",,,商业管理
2109,博弈论基础,,浙江大学,普通（中级）,10 周,"热度 2,258",中文,,国家精品,经济
14230,管理概论,,浙江大学,简单（初级）,15 周,"热度 1,391",中文,,国家精品,商业管理
75,金融市场（中文版）,,耶鲁大学,简单（初级）,7 周,"热度 4,253",中文,,经典课程,金融
8273,预防医学（一）,,复旦大学上海医学院,普通（中级）,8 周,"热度 1,859",中文,,"经典课程,国家精品",医学健康
9384,演讲概论,,华盛顿大学,简单（初级）,16 个小时,"热度 2,197","英语, 西班牙语, 葡萄牙语, 其他",,,其他
2049,崑曲之美,,香港中文大学,简单（初级）,11 个小时,"热度 1,028","中文, 英语",,,艺术
12255,微电子电路基础,,北京理工大学,难（高级）,13 周,"热度 1,101",中文,,,电子
1716,哲学问题,,浙江大学,简单（初级）,12 周,热度 864,中文,,,哲学
16909,中国哲学经典著作导读,,西安交通大学,简单（初级）,11 周,"热度 3,469",中文,,"经典课程,国家精品",哲学
9192,设计的力量,,湖南大学,简单（初级）,14 周,"热度 1,068",中文,,国家精品,艺术
10079,微观经济学,,武汉大学,难（高级）,15 周,"热度 4,234",中文,,国家精品,经济
3946,像莫扎特一样作曲：古典音乐作曲概论,,新加坡国立大学,难（高级）,28 个小时,热度 841,英语,,,艺术
13863,遗传学和进化论,,杜克大学,简单（初级）,39 个小时,热度 871,"英语, 其他",,,生物
17732,导演思维：微影人的自我修养,,复旦大学,简单（初级）,16 个小时,"热度 2,434",中文,,,艺术
9311,解析组合数学,,普林斯顿大学,普通（中级）,20 个小时,"热度 1,425",英语,,,数学与统计
9197,化学基础：结构和溶解,,杜克大学,简单（初级）,25 个小时,热度 564,"英语, 西班牙语, 其他",,,化学
2336,电子学基础,,乔治亚理工学院,难（高级）,34 个小时,热度 569,英语,,,电子
14286,模型思维,,密歇根大学,简单（初级）,32 个小时,"热度 4,809","中文, 英语, 葡萄牙语, 其他",,经典课程,社会
304,医学图像处理,,大连理工大学,简单（初级）,12 周,"热度 1,988",中文,5月5日,,医学健康
18777,管理你的金钱：MBA课程给大学生的启示,,加州大学尔湾分校,简单（初级）,8 个小时,热度 491,英语,,,商业管理
4232,如何读懂你的老板,,英国诺丁汉大学,简单（初级）,2 周,热度 317,英语,4月4日,,商业管理
2213,软件安全,,马里兰大学帕克分校,简单（初级）,22 个小时,热度 423,"英语, 韩语",,,计算机
1995,硬件安全,,马里兰大学帕克分校,普通（中级）,15 个小时,热度 606,英语,,,计算机
17514,人工智能：搜寻方法与逻辑推论,,国立台湾大学,普通（中级）,28 个小时,"热度 5,074",中文,,,计算机
8415,游戏设计导论,,麻省理工学院,简单（初级）,7 周,热度 678,英语,,,计算机
1406,美国资本主义：历史,,康奈尔大学,简单（初级）,8 周,热度 499,英语,4月4日,,历史
5591,音乐产业导论,,伯克利音乐学院,简单（初级）,6 周,"热度 1,182",英语,1月28日,经典课程,商业管理
17905,编程入门：编写你的第一个手机游戏,,英国雷丁大学,简单（初级）,5 周,"热度 1,429",英语,,,计算机
6986,时尚和奢侈品公司的管理,,博科尼大学,普通（中级）,17 个小时,"热度 2,092",英语,,,商业管理
4322,中国 8：建立现代中国-一个共和国的诞生,,哈佛大学,简单（初级）,5 周,"热度 1,520","中文, 英语",4月4日,,历史
9242,现代礼仪,,湖南大学,简单（初级）,16 周,"热度 1,532",中文,,国家精品,商业管理
11323,生物演化,,北京大学,普通（中级）,28 个小时,"热度 1,040",中文,,,生物
7786,中国古代史（大学先修课),,北京大学,简单（初级）,14 周,"热度 1,485",中文,4月4日,,历史
13643,成功谈判：基本策略与技巧,,密歇根大学,简单（初级）,14 个小时,热度 746,"中文, 英语, 西班牙语, 葡萄牙语, 俄语, 其他",,,商业管理
19737,人人都懂的编程课（Python）,,密歇根大学,简单（初级）,10 个小时,"热度 6,693","中文, 英语, 德语, 其他",,,计算机
17760,准备上大学,,东英吉利大学,简单（初级）,6 周,热度 362,英语,1月14日,,教育
8138,爵士乐即兴创作,,伯克利音乐学院,普通（中级）,17 个小时,热度 553,"中文, 英语, 法语, 西班牙语, 德语, 葡萄牙语",,,艺术
3989,设计：社会中的创意手工,,宾夕法尼亚大学,简单（初级）,25 个小时,"热度 1,188","英语, 西班牙语, 葡萄牙语",,,艺术
3215,教学设计基础和应用,,伊利诺伊大学香槟分校,普通（中级）,13 个小时,"热度 1,359",英语,,,教育
8932,日常生活中的道德,,耶鲁大学,简单（初级）,19 个小时,"热度 2,340","中文, 英语, 其他",,经典课程,伦理
10698,化妆品赏析与应用,,四川大学,普通（中级）,20 周,"热度 4,305",中文,,"经典课程,国家精品",其他
18773,逻辑学导论,,斯坦福大学,普通（中级）,19 个小时,"热度 4,024","中文, 英语, 西班牙语, 德语, 葡萄牙语, 其他",,经典课程,数学与统计
1948,广告与社会,,杜克大学,简单（初级）,10 个小时,热度 650,英语,,,社会
17790,红楼梦-母神崇拜,,国立台湾大学,简单（初级）,24 个小时,"热度 2,060",中文,,经典课程,文学
17925,教你如何做MOOC,,北京大学,普通（中级）,8 周,"热度 3,578",中文,,经典课程,教育
7715,电子游戏与社会,,台湾交通大学,简单（初级）,11 周,"热度 1,701",中文,,经典课程,社会
17670,市场营销概论 (中文版）,,宾夕法尼亚大学,简单（初级）,10 个小时,"热度 3,802","中文, 英语, 西班牙语, 其他",,经典课程,商业管理
10168,唐诗经典,,浙江大学,简单（初级）,15 周,"热度 1,489",中文,,国家精品,文学
3680,翻转课堂教学法,,北京大学,普通（中级）,8 周,"热度 6,108",中文,,"经典课程,国家精品",教育
18307,新媒体概论,,浙江大学,简单（初级）,9 周,"热度 1,446",中文,,国家精品,互联网
17307,程序设计基础,,哈尔滨工业大学,简单（初级）,20 周,"热度 1,280",中文,,国家精品,计算机
2880,中国 7：侵略、反抗、帝王制的终结,,哈佛大学,简单（初级）,4 周,"热度 1,590","中文, 英语",4月4日,,历史
18206,操作系统与虚拟化安全,,北京大学,普通（中级）,32 个小时,热度 885,中文,,,计算机
13201,计算机程序设计,,国立台湾大学,简单（初级）,21 个小时,热度 520,中文,1月21日,,计算机
6010,职场素养,,国立台湾大学,简单（初级）,13 个小时,"热度 2,089",中文,,经典课程,商业管理
16908,实验经济学,,国立台湾大学,简单（初级）,22 个小时,"热度 2,907",中文,1月7日,经典课程,经济
15438,20世纪西方音乐,,北京大学,简单（初级）,17 个小时,"热度 1,025",中文,,,艺术
11024,幸福的科学,,加州大学伯克利分校,简单（初级）,8 周,"热度 1,990",英语,1月8日,经典课程,心理
1439,金融学,,中央财经大学,难（高级）,20 周,"热度 2,780",中文,,国家精品,金融
15285,计算机网络概论,,国立清华大学,简单（初级）,10 周,"热度 2,387",中文,,,计算机
3399,算法思想（第 1 部分）,,莱斯大学,普通（中级）,20 个小时,热度 775,"英语, 西班牙语, 其他",,,计算机
148,财务会计导论,,宾夕法尼亚大学,简单（初级）,17 个小时,"热度 2,329","中文, 英语, 日语",,经典课程,金融
15712,药物依赖：在治疗中帮助病人,,伦敦国王学院,简单（初级）,2 周,热度 312,英语,4月4日,,医学健康
17063,通过情商实现鼓舞人心的领导,,凯斯西储大学,普通（中级）,24 个小时,热度 641,"中文, 英语, 法语, 葡萄牙语, 其他",,,商业管理
9575,留学生的学习方法,,英国东英吉利大学,简单（初级）,4 周,热度 383,英语,3月3日,,其他
11908,交互式计算机图形学,,东京大学,普通（中级）,22 个小时,"热度 2,212","英语, 日语",,,计算机
16302,法医学概论,,新加坡南洋理工大学,简单（初级）,25 个小时,"热度 1,147","英语, 其他",,,医学健康
9965,实用急救和自救技能,,上海交通大学,简单（初级）,11 周,"热度 2,249",中文,,经典课程,医学健康
4353,事物如何运作：物理学入门,,弗吉尼亚大学,普通（中级）,17 个小时,"热度 1,996","中文, 英语, 法语, 日语, 西班牙语, 意大利语, 德语, 葡萄牙语, 俄语, 其他",,,物理
11087,Linux 入门,,Linux 基金会,简单（初级）,14 周,"热度 4,553",英语,,,计算机
1942,Objective-C与iPhone程序设计,,台湾交通大学,简单（初级）,9 周,热度 447,中文,,,计算机
19959,生命起源,,伊利诺伊大学,简单（初级）,34 个小时,"热度 1,449","英语, 其他",,经典课程,生物
17527,微积分导论(一),,国立清华大学,简单（初级）,13 周,"热度 3,005",中文,,经典课程,数学与统计
2005,法国大革命,,墨尔本大学,简单（初级）,18 个小时,热度 454,"英语, 西班牙语, 其他",1月21日,,历史
4377,创意，创新与变革,,宾夕法尼亚州立大学,简单（初级）,24 个小时,"热度 2,004","中文, 英语",,,其他
15996,再思考 4：如何避免谬误,,杜克大学,简单（初级）,10 个小时,"热度 1,531","中文, 英语, 西班牙语, 意大利语, 葡萄牙语",,经典课程,哲学
7192,性格教育和创建积极课堂,,Relay 若雷教育学院,简单（初级）,17 个小时,"热度 1,150","中文, 英语, 其他",,,心理
19431,财务入门,,澳大利亚麦考瑞大学,简单（初级）,4 周,热度 816,英语,1月7日,,金融
3584,化学-世界的基础,,澳大利亚斯威本科技大学,简单（初级）,4 周,"热度 1,414",英语,1月7日,经典课程,化学
15214,基因与人类（从行为到生物技术）,,马里兰大学,简单（初级）,17 个小时,热度 394,英语,,,生物
3515,音乐理论基础,,爱丁堡大学,简单（初级）,22 个小时,"热度 1,786",英语,1月28日,,艺术
7939,网络游戏：文学，新媒体，故事,,范德堡大学,简单（初级）,18 个小时,热度 602,"英语, 其他",,,互联网
16271,心理学基础,,澳大利亚皇家墨尔本理工大学,简单（初级）,4 周,"热度 3,802",英语,,经典课程,心理
9965,传播学概论,,阿姆斯特丹大学,简单（初级）,12 个小时,"热度 2,666","中文, 英语, 法语, 西班牙语, 其他",,,其他
5564,大数据算法,,哈尔滨工业大学,难（高级）,13 周,热度 738,中文,,国家精品,计算机
4614,披头士乐队的音乐,,罗彻斯特大学,简单（初级）,19 个小时,热度 445,"英语, 西班牙语",,,历史
12703,大学英语（口语）,,国防科技大学,普通（中级）,15 周,"热度 7,404",中文,,"经典课程,国家精品",语言
7409,高级语言程序设计（Python）,,哈尔滨工业大学,简单（初级）,12 周,"热度 5,194",中文,,国家精品,计算机
5553,互联网的历史、技术和安全,,密歇根大学,简单（初级）,12 个小时,热度 489,"英语, 意大利语, 俄语",,,互联网
15594,Java编程概论,,香港科技大学,简单（初级）,5 周,"热度 1,006",英语,4月4日,,计算机
10743,网络互联技术,,德国波茨坦大学HPI学院,简单（初级）,8 周,"热度 2,081","中文, 英语",,经典课程,互联网
8869,计算原理（第 1 部分）,,莱斯大学,普通（中级）,23 个小时,"热度 1,364",英语,,,计算机
2250,中国 6：满族和清朝,,哈佛大学,简单（初级）,5 周,"热度 1,694","中文, 英语",,,历史
16832,中国 5：从蒙古人的全球帝国到明代的全球经济,,哈佛大学,简单（初级）,6 周,"热度 1,509","中文, 英语",4月4日,,历史
6194,中国 4：文人中国-科举与理学,,哈佛大学,简单（初级）,4 周,"热度 1,240","中文, 英语",4月4日,,历史
8352,中国 3：天朝大唐帝国之贵族文化,,哈佛大学,简单（初级）,4 周,"热度 1,592","中文, 英语",4月4日,经典课程,历史
14121,中国 2：集权制国家的兴起和灭亡,,哈佛大学,简单（初级）,5 周,"热度 2,595","中文, 英语",4月4日,经典课程,历史
15955,中国 1：政治和知识分子的基础-从圣人国王到孔子与法家,,哈佛大学,简单（初级）,6 周,"热度 2,680","中文, 英语",4月4日,经典课程,历史
17756,计算机科学导论,,哈佛大学,简单（初级）,6 周,"热度 5,628",英语,,,计算机
6167,生物学导论-生命的秘密,,麻省理工学院,简单（初级）,12 周,"热度 1,755","中文, 英语",,经典课程,生物
6812,儿童早期教育,,澳大利亚开放大学,简单（初级）,4 周,"热度 1,287",英语,1月7日,,教育
8455,微电影创作,,台湾国立交通大学,简单（初级）,8 周,"热度 2,710",中文,,,艺术
15174,声乐录音技术,,伯克利音乐学院,简单（初级）,6 周,热度 675,英语,4月4日,,艺术
4041,机器学习基础：数学基础,,国立台湾大学,简单（初级）,16 个小时,"热度 2,216",中文,,,计算机
11063,理解常见疾病,,University of Wollongong,简单（初级）,4 周,热度 417,英语,1月7日,,医学健康
15311,食物、营养和你的健康,,墨尔本大学,简单（初级）,4 周,热度 528,英语,1月7日,,医学健康
15918,医疗保健护理导论,,e3Learning,简单（初级）,4 周,热度 342,英语,1月7日,,医学健康
15591,助产术,,University of Newcastle,简单（初级）,4 周,热度 386,英语,1月7日,,医学健康
365,人体机器,,Flinders University,简单（初级）,4 周,热度 347,英语,1月7日,,生物
18616,儿童营养与烹饪,,斯坦福大学,简单（初级）,8 个小时,"热度 4,041","中文, 英语, 日语, 韩语, 西班牙语, 德语, 俄语, 其他",1月14日,经典课程,医学健康
12504,弹性力学,,北京大学,难（高级）,12 周,"热度 2,500",中文,,,物理
8865,C语言程序设计,,浙江大学,简单（初级）,13 周,"热度 3,504",中文,,,计算机
16415,现代与后现代 1,,卫斯连大学,简单（初级）,18 个小时,"热度 1,404","英语, 西班牙语",,经典课程,哲学
17006,希腊和罗马神话,,宾夕法尼亚大学,简单（初级）,31 个小时,热度 698,"中文, 英语, 其他",,,社会
2531,软件定义网络,,乔治亚理工学院,普通（中级）,23 个小时,热度 824,英语,3月3日,,计算机
9921,微积分：单变量第1部分 – 函数,,宾夕法尼亚大学,难（高级）,19 个小时,"热度 1,145","中文, 英语, 西班牙语",,,数学与统计
8715,战争的悖论,,普林斯顿大学,简单（初级）,33 个小时,"热度 1,578",英语,,经典课程,社会
16337,微观经济学原理,,伊利诺伊大学香槟分校,简单（初级）,24 个小时,"热度 41,082","中文, 英语, 西班牙语",,经典课程,经济
11925,结构方程模型及其应用,,香港中文大学,难（高级）,24 个小时,"热度 5,746",中文,,,计算机
1214,培养音乐技能,,伯克利音乐学院,简单（初级）,6 个月,"热度 2,710","中文, 英语, 西班牙语, 德语, 葡萄牙语, 其他",,专项课程,艺术
15258,圣经的史前史，目的和政治前景,,艾莫利大学,简单（初级）,23 个小时,热度 854,"英语, 西班牙语, 其他",,,宗教
3609,货币银行学,,哥伦比亚大学,难（高级）,46 个小时,"热度 1,774",英语,,经典课程,金融
1681,Andr​​oid 手持系统的移动应用程序设计：第 1 部分,,马里兰大学帕克分校,普通（中级）,17 个小时,热度 784,"英语, 葡萄牙语",,,计算机
19668,摇滚史 (二),,罗彻斯特大学,简单（初级）,16 个小时,热度 432,英语,,,历史
8273,摇滚史 (一),,罗彻斯特大学,简单（初级）,19 个小时,热度 600,"中文, 英语, 其他",,,历史
10155,数据产品开发,,约翰霍普金斯大学,简单（初级）,13 个小时,热度 468,英语,,,计算机
10674,实用机器学习,,约翰霍普金斯大学,简单（初级）,14 个小时,热度 538,英语,,,计算机
8365,回归模型,,约翰霍普金斯大学,简单（初级）,17 个小时,热度 523,英语,,,计算机
3389,统计推断,,约翰霍普金斯大学,简单（初级）,16 个小时,热度 490,英语,,,数学与统计
8067,可重复性研究,,约翰霍普金斯大学,简单（初级）,10 个小时,热度 303,英语,,,计算机
17723,探索性数据分析,,约翰霍普金斯大学,简单（初级）,15 个小时,热度 600,"中文, 英语",,,计算机
11473,获取和整理数据,,约翰霍普金斯大学,简单（初级）,14 个小时,热度 977,"中文, 英语, 法语, 俄语",,,计算机
1288,数据科学家的工具箱,,约翰霍普金斯大学,简单（初级）,8 个小时,"热度 2,677","中文, 英语, 法语, 日语, 意大利语, 葡萄牙语, 俄语, 其他",,,计算机
12801,创造更美好世界的商业策略,,宾夕法尼亚大学,简单（初级）,2 个月,"热度 1,113",英语,,"经典课程,专项课程",经济
716,公共经济学,,高等经济学院,普通（中级）,14 个小时,热度 544,英语,,,经济
5442,R 语言程序开发,,约翰霍普金斯大学,普通（中级）,20 个小时,"热度 5,830","中文, 英语, 法语, 日语, 其他",,,计算机
2769,学习西班牙语：基础词汇,,加州大学戴维斯分校,简单（初级）,7 个月,热度 807,"英语, 西班牙语, 德语, 其他",,专项课程,语言
10618,全球健康与人道主义,,英国曼彻斯特大学,简单（初级）,9 个小时,热度 315,英语,1月21日,,医学健康
13667,恶意软件及其地下经济：每一个故事都有两面性,,伦敦大学,简单（初级）,17 个小时,热度 325,英语,4月4日,,计算机
13020,音乐制作的艺术,,伯克利音乐学院,普通（中级）,17 个小时,"热度 1,432",英语,,经典课程,艺术
2643,歌曲创作：写歌词,,伯克利音乐学院,简单（初级）,35 个小时,"热度 2,430",英语,,经典课程,艺术
8729,吉他入门,,伯克利音乐学院,简单（初级）,18 个小时,"热度 4,413","英语, 葡萄牙语, 俄语, 其他",,经典课程,艺术
9400,Divide和Conquer、排序和搜索以及随机算法,,斯坦福大学,普通（中级）,21 个小时,热度 875,英语,,,计算机
1742,算法,,斯坦福大学,普通（中级）,4 个月,"热度 2,322",英语,,专项课程,计算机
5546,中国人文经典导读,,香港中文大学,简单（初级）,20 个小时,"热度 1,122",中文,,,文学
13266,飞行机器人的自动导航技术,,德国慕尼黑工业大学,难（高级）,8 周,"热度 1,457",英语,3月3日,,计算机
8144,英语学术和商业写作,,加州大学伯克利分校,简单（初级）,6 周,热度 899,英语,,,语言
565,数字图像和视频处理基础,,美国西北大学,普通（中级）,21 个小时,"热度 1,528",英语,,,计算机
8610,计算机科学及Python编程导论,,麻省理工学院,简单（初级）,9 周,"热度 4,771",英语,1月22日,,计算机
15722,社会心理学,,卫斯连大学,简单（初级）,29 个小时,"热度 6,131","中文, 英语",,经典课程,心理
14963,经济地理与企业兴衰,,中南财经政法大学,简单（初级）,17 周,"热度 1,215",中文,,,经济
276,摄影的艺术,,皇家墨尔本理工大学,简单（初级）,4 周,"热度 3,306",英语,1月7日,,艺术
14530,密码学 I,,斯坦福大学,难（高级）,29 个小时,"热度 3,300",英语,,,计算机
15124,创业101：你的客户是谁？,,麻省理工学院,简单（初级）,6 周,"热度 2,634","中文, 英语",,经典课程,商业管理
15330,统计方法与资料分析,,国立交通大学,简单（初级）,13 周,"热度 2,127",中文,,,数学与统计
5514,Python交互程序设计入门（第 1 部分）,,莱斯大学,简单（初级）,29 个小时,"热度 5,144","中文, 英语, 韩语, 西班牙语, 意大利语, 葡萄牙语",,经典课程,计算机
1772,网络：朋友、金钱和比特,,普林斯顿大学,简单（初级）,14 个小时,热度 683,英语,,,互联网
1698,图像和视频处理：从火星到医院再到好莱坞,,杜克大学,普通（中级）,17 个小时,"热度 2,608","中文, 英语",,经典课程,计算机
14290,公正,,哈佛大学,简单（初级）,12 周,"热度 2,603","中文, 英语, 西班牙语, 德语, 其他",,经典课程,社会
14151,孙子兵法与企业经营,,新竹交通大学,简单（初级）,11 周,"热度 2,321",中文,,经典课程,商业管理
13250,离散优化,,墨尔本大学,普通（中级）,34 个小时,热度 885,英语,,,计算机
18654,红楼梦,,国立台湾大学,简单（初级）,20 个小时,"热度 2,675",中文,,经典课程,文学
759,中国古代历史与人物：秦始皇,,国立台湾大学,简单（初级）,20 个小时,"热度 4,797",中文,,经典课程,历史
708,宏观经济学的力量：真实世界中的经济学原理,,加州大学尔湾分校,简单（初级）,25 个小时,"热度 4,140","中文, 英语, 西班牙语",,经典课程,经济
6332,微观经济学的力量：真实世界中的经济学原理,,加州大学尔湾分校,简单（初级）,22 个小时,"热度 3,539","中文, 英语, 其他",,经典课程,经济
10153,社会和经济网络：模型和分析,,斯坦福大学,难（高级）,25 个小时,"热度 1,168",英语,,,数学与统计
1839,英语写作1：获取专业知识,,杜克大学,简单（初级）,32 个小时,"热度 2,037","英语, 法语, 西班牙语",1月6日,经典课程,语言
17674,算法，第一部分,,普林斯顿大学,普通（中级）,31 个小时,"热度 3,248","英语, 韩语",,经典课程,计算机
9042,算法，第二部分,,普林斯顿大学,普通（中级）,33 个小时,"热度 1,804","英语, 韩语",,经典课程,计算机
894,计算导论与C语言基础,,北京大学,简单（初级）,28 个小时,"热度 1,300",中文,,,计算机
9234,运营管理概论（中文版）,,宾夕法尼亚大学,简单（初级）,22 个小时,"热度 2,311","中文, 英语, 西班牙语",,经典课程,商业管理
17575,中级有机化学,,北京大学,普通（中级）,6 周,"热度 1,550",中文,,,化学
1049,烹饪科学,,香港科技大学,简单（初级）,19 个小时,热度 945,"中文, 英语",1月1日,,其他
13725,哲学导论,,爱丁堡大学,简单（初级）,14 个小时,"热度 1,058","中文, 英语, 西班牙语, 其他",,,哲学
16159,如何申请美国大学,,宾夕法尼亚大学,简单（初级）,14 个小时,"热度 3,315","英语, 西班牙语",,经典课程,其他
2658,算法分析,,普林斯顿大学,难（高级）,26 个小时,热度 749,英语,,,计算机
10769,博弈论2：高级应用,,斯坦福大学,难（高级）,14 个小时,"热度 2,311",英语,,经典课程,经济
9424,博弈论,,斯坦福大学,简单（初级）,21 个小时,"热度 5,514",英语,,经典课程,经济
12753,媒介批评：理论与方法,,上海交通大学,普通（中级）,11 周,"热度 1,146",中文,,,其他
13812,计算思维和数据科学导论,,麻省理工学院,普通（中级）,9 周,"热度 1,801",英语,3月3日,,计算机
8751,唐诗宋词人文解读,,上海交通大学,简单（初级）,13 周,"热度 1,724",中文,,,文学
16271,活用希腊哲学,,国立台湾大学,简单（初级）,26 个小时,"热度 1,919",中文,,经典课程,哲学
2118,为创立公司提供创意：创业的第一步,,马里兰大学帕克分校,简单（初级）,10 个小时,热度 580,"中文, 英语, 西班牙语, 葡萄牙语",,,商业管理
19852,史记,,国立台湾大学,简单（初级）,15 个小时,"热度 7,165",中文,,经典课程,历史
16221,面向对象技术高级课程,,北京大学,简单（初级）,37 个小时,"热度 1,262","中文, 英语",,,计算机
16163,刑法学总论,,北京大学,普通（中级）,66 个小时,"热度 2,623",中文,,,法律
14743,机器学习,,斯坦福大学,难（高级）,55 个小时,"热度 6,732","中文, 英语, 西班牙语, 其他",,经典课程,计算机
19776,罗马建筑,,耶鲁大学,简单（初级）,54 个小时,"热度 2,166","中文, 英语",1月6日,经典课程,建筑
720,金融市场,,耶鲁大学,简单（初级）,38 个小时,"热度 2,415",英语,,经典课程,金融
14478,计算机操作系统,,南京大学,普通（中级）,15 个小时,"热度 3,239",中文,,,计算机
